rank,player,team,position,goals,assists,minutes_played,source_url,retrieved_date
1,Kylian Mbappe,FRA,FW,10,4,769,https://www.fifa.com/en/tournaments/mens/worldcup/canadamexicousa2026/statistics/player-statistics,2026-08-31
2,Lionel Messi,ARG,FW,8,4,853,https://www.fifa.com/en/tournaments/mens/worldcup/canadamexicousa2026/statistics/player-statistics,2026-08-31
3,Jude Bellingham,ENG,MF,7,1,698,https://www.fifa.com/en/tournaments/mens/worldcup/canadamexicousa2026/statistics/player-statistics,2026-08-31
4,Erling Haaland,NOR,FW,7,0,537,https://www.fifa.com/en/tournaments/mens/worldcup/canadamexicousa2026/statistics/player-statistics,2026-08-31
5,Ousmane Dembele,FRA,FW,6,2,648,https://www.fifa.com/en/tournaments/mens/worldcup/canadamexicousa2026/statistics/player-statistics,2026-08-31
6,Harry Kane,ENG,FW,6,1,732,https://www.fifa.com/en/tournaments/mens/worldcup/canadamexicousa2026/statistics/player-statistics,2026-08-31
7,Mikel Oyarzabal,ESP,FW,5,1,664,https://www.fifa.com/en/tournaments/mens/worldcup/canadamexicousa2026/statistics/player-statistics,2026-08-31
8,Ismaila Sarr,SEN,FW,4,1,419,https://www.fifa.com/en/tournaments/mens/worldcup/canadamexicousa2026/statistics/player-statistics,2026-08-31
9,Julian Quinones,MEX,FW,4,1,440,https://www.fifa.com/en/tournaments/mens/worldcup/canadamexicousa2026/statistics/player-statistics,2026-08-31
10,Vinicius Junior,BRA,FW,4,1,505,https://www.fifa.com/en/tournaments/mens/worldcup/canadamexicousa2026/statistics/player-statistics,2026-08-31
11,Bukayo Saka,ENG,FW,3,3,411,https://www.fifa.com/en/tournaments/mens/worldcup/canadamexicousa2026/statistics/player-statistics,2026-08-31
12,Deniz Undav,GER,FW,3,2,174,https://www.fifa.com/en/tournaments/mens/worldcup/canadamexicousa2026/statistics/player-statistics,2026-08-31
13,Johan Manzambi,SUI,MF,3,2,220,https://www.fifa.com/en/tournaments/mens/worldcup/canadamexicousa2026/statistics/player-statistics,2026-08-31
14,Romelu Lukaku,BEL,FW,3,1,279,https://www.fifa.com/en/tournaments/mens/worldcup/canadamexicousa2026/statistics/player-statistics,2026-08-31
15,Lautaro Martinez,ARG,FW,3,1,368,https://www.fifa.com/en/tournaments/mens/worldcup/canadamexicousa2026/statistics/player-statistics,2026-08-31
16,Charles De Ketelaere,BEL,FW,3,1,385,https://www.fifa.com/en/tournaments/mens/worldcup/canadamexicousa2026/statistics/player-statistics,2026-08-31
17,Cody Gakpo,NED,FW,3,1,394,https://www.fifa.com/en/tournaments/mens/worldcup/canadamexicousa2026/statistics/player-statistics,2026-08-31
18,Bradley Barcola,FRA,FW,3,1,432,https://www.fifa.com/en/tournaments/mens/worldcup/canadamexicousa2026/statistics/player-statistics,2026-08-31
19,Brian Brobbey,NED,FW,3,0,245,https://www.fifa.com/en/tournaments/mens/worldcup/canadamexicousa2026/statistics/player-statistics,2026-08-31
20,Elijah Just,NZL,MF,3,0,291,https://www.fifa.com/en/tournaments/mens/worldcup/canadamexicousa2026/statistics/player-statistics,2026-08-31
21,Matheus Cunha,BRA,FW,3,0,324,https://www.fifa.com/en/tournaments/mens/worldcup/canadamexicousa2026/statistics/player-statistics,2026-08-31
22,Folarin Balogun,USA,FW,3,0,348,https://www.fifa.com/en/tournaments/mens/worldcup/canadamexicousa2026/statistics/player-statistics,2026-08-31
23,Raul Jimenez,MEX,FW,3,0,348,https://www.fifa.com/en/tournaments/mens/worldcup/canadamexicousa2026/statistics/player-statistics,2026-08-31
24,Kai Havertz,GER,FW,3,0,392,https://www.fifa.com/en/tournaments/mens/worldcup/canadamexicousa2026/statistics/player-statistics,2026-08-31
25,Yoane Wissa,COD,FW,3,0,409,https://www.fifa.com/en/tournaments/mens/worldcup/canadamexicousa2026/statistics/player-statistics,2026-08-31
26,Ismael Saibari,MAR,MF,3,0,411,https://www.fifa.com/en/tournaments/mens/worldcup/canadamexicousa2026/statistics/player-statistics,2026-08-31
27,Jonathan David,CAN,FW,3,0,475,https://www.fifa.com/en/tournaments/mens/worldcup/canadamexicousa2026/statistics/player-statistics,2026-08-31
28,Cristiano Ronaldo,POR,FW,3,0,490,https://www.fifa.com/en/tournaments/mens/worldcup/canadamexicousa2026/statistics/player-statistics,2026-08-31
29,Crysencio Summerville,NED,FW,2,2,282,https://www.fifa.com/en/tournaments/mens/worldcup/canadamexicousa2026/statistics/player-statistics,2026-08-31
30,Breel Embolo,SUI,FW,2,2,531,https://www.fifa.com/en/tournaments/mens/worldcup/canadamexicousa2026/statistics/player-statistics,2026-08-31
31,Leandro Trossard,BEL,FW,2,2,561,https://www.fifa.com/en/tournaments/mens/worldcup/canadamexicousa2026/statistics/player-statistics,2026-08-31
32,Soufiane Rahimi,MAR,FW,2,1,215,https://www.fifa.com/en/tournaments/mens/worldcup/canadamexicousa2026/statistics/player-statistics,2026-08-31
33,Nicolas Pepe,CIV,FW,2,1,255,https://www.fifa.com/en/tournaments/mens/worldcup/canadamexicousa2026/statistics/player-statistics,2026-08-31
34,Pape Gueye,SEN,MF,2,1,257,https://www.fifa.com/en/tournaments/mens/worldcup/canadamexicousa2026/statistics/player-statistics,2026-08-31
35,Maxi Araujo,URU,MF,2,1,278,https://www.fifa.com/en/tournaments/mens/worldcup/canadamexicousa2026/statistics/player-statistics,2026-08-31
36,Riyad Mahrez,ALG,FW,2,1,288,https://www.fifa.com/en/tournaments/mens/worldcup/canadamexicousa2026/statistics/player-statistics,2026-08-31
37,Ramin Rezaeian,IRN,DF,2,1,309,https://www.fifa.com/en/tournaments/mens/worldcup/canadamexicousa2026/statistics/player-statistics,2026-08-31
38,Ruben Vargas,SUI,FW,2,1,314,https://www.fifa.com/en/tournaments/mens/worldcup/canadamexicousa2026/statistics/player-statistics,2026-08-31
39,Ayase Ueda,JPN,FW,2,1,349,https://www.fifa.com/en/tournaments/mens/worldcup/canadamexicousa2026/statistics/player-statistics,2026-08-31
40,Mostafa Zico,EGY,MF,2,1,398,https://www.fifa.com/en/tournaments/mens/worldcup/canadamexicousa2026/statistics/player-statistics,2026-08-31
41,Malik Tillman,USA,MF,2,1,415,https://www.fifa.com/en/tournaments/mens/worldcup/canadamexicousa2026/statistics/player-statistics,2026-08-31
42,Ermin Mahmic,BIH,MF,2,0,88,https://www.fifa.com/en/tournaments/mens/worldcup/canadamexicousa2026/statistics/player-statistics,2026-08-31
43,Habib Diarra,SEN,MF,2,0,168,https://www.fifa.com/en/tournaments/mens/worldcup/canadamexicousa2026/statistics/player-statistics,2026-08-31
44,Marko Arnautovic,AUT,FW,2,0,173,https://www.fifa.com/en/tournaments/mens/worldcup/canadamexicousa2026/statistics/player-statistics,2026-08-31
45,Amad Diallo,CIV,FW,2,0,211,https://www.fifa.com/en/tournaments/mens/worldcup/canadamexicousa2026/statistics/player-statistics,2026-08-31
46,Cyle Larin,CAN,FW,2,0,224,https://www.fifa.com/en/tournaments/mens/worldcup/canadamexicousa2026/statistics/player-statistics,2026-08-31
47,Anthony Elanga,SWE,FW,2,0,247,https://www.fifa.com/en/tournaments/mens/worldcup/canadamexicousa2026/statistics/player-statistics,2026-08-31
48,Mikel Merino,ESP,MF,2,0,262,https://www.fifa.com/en/tournaments/mens/worldcup/canadamexicousa2026/statistics/player-statistics,2026-08-31
49,Daichi Kamada,JPN,MF,2,0,359,https://www.fifa.com/en/tournaments/mens/worldcup/canadamexicousa2026/statistics/player-statistics,2026-08-31
50,Yasin Ayari,SWE,MF,2,0,371,https://www.fifa.com/en/tournaments/mens/worldcup/canadamexicousa2026/statistics/player-statistics,2026-08-31
51,Emam Ashour,EGY,MF,2,0,395,https://www.fifa.com/en/tournaments/mens/worldcup/canadamexicousa2026/statistics/player-statistics,2026-08-31
52,Dan Ndoye,SUI,FW,2,0,437,https://www.fifa.com/en/tournaments/mens/worldcup/canadamexicousa2026/statistics/player-statistics,2026-08-31
53,Daniel Munoz,COL,DF,2,0,451,https://www.fifa.com/en/tournaments/mens/worldcup/canadamexicousa2026/statistics/player-statistics,2026-08-31
54,Azzedine Ounahi,MAR,MF,2,0,477,https://www.fifa.com/en/tournaments/mens/worldcup/canadamexicousa2026/statistics/player-statistics,2026-08-31
55,Youri Tielemans,BEL,MF,2,0,538,https://www.fifa.com/en/tournaments/mens/worldcup/canadamexicousa2026/statistics/player-statistics,2026-08-31
56,Pedro Porro,ESP,DF,2,0,640,https://www.fifa.com/en/tournaments/mens/worldcup/canadamexicousa2026/statistics/player-statistics,2026-08-31
57,Enzo Fernandez,ARG,MF,2,0,755,https://www.fifa.com/en/tournaments/mens/worldcup/canadamexicousa2026/statistics/player-statistics,2026-08-31
58,Andreas Schjelderup,NOR,MF,1,3,297,https://www.fifa.com/en/tournaments/mens/worldcup/canadamexicousa2026/statistics/player-statistics,2026-08-31
59,Alexander Isak,SWE,FW,1,3,389,https://www.fifa.com/en/tournaments/mens/worldcup/canadamexicousa2026/statistics/player-statistics,2026-08-31
60,Anthony Gordon,ENG,FW,1,3,442,https://www.fifa.com/en/tournaments/mens/worldcup/canadamexicousa2026/statistics/player-statistics,2026-08-31
61,Iliman Ndiaye,SEN,FW,1,2,134,https://www.fifa.com/en/tournaments/mens/worldcup/canadamexicousa2026/statistics/player-statistics,2026-08-31
62,Nathan Saliba,CAN,MF,1,2,206,https://www.fifa.com/en/tournaments/mens/worldcup/canadamexicousa2026/statistics/player-statistics,2026-08-31
63,Hans Vanaken,BEL,MF,1,2,362,https://www.fifa.com/en/tournaments/mens/worldcup/canadamexicousa2026/statistics/player-statistics,2026-08-31
64,Viktor Gyokeres,SWE,FW,1,2,400,https://www.fifa.com/en/tournaments/mens/worldcup/canadamexicousa2026/statistics/player-statistics,2026-08-31
65,Julio Enciso,PAR,FW,1,2,431,https://www.fifa.com/en/tournaments/mens/worldcup/canadamexicousa2026/statistics/player-statistics,2026-08-31
66,Mohamed Salah,EGY,FW,1,2,469,https://www.fifa.com/en/tournaments/mens/worldcup/canadamexicousa2026/statistics/player-statistics,2026-08-31
67,Declan Rice,ENG,MF,1,2,622,https://www.fifa.com/en/tournaments/mens/worldcup/canadamexicousa2026/statistics/player-statistics,2026-08-31
68,Achraf Hakimi,MAR,DF,1,2,650,https://www.fifa.com/en/tournaments/mens/worldcup/canadamexicousa2026/statistics/player-statistics,2026-08-31
69,Promise David,CAN,FW,1,1,105,https://www.fifa.com/en/tournaments/mens/worldcup/canadamexicousa2026/statistics/player-statistics,2026-08-31
70,Baris Alper Yilmaz,TUR,FW,1,1,200,https://www.fifa.com/en/tournaments/mens/worldcup/canadamexicousa2026/statistics/player-statistics,2026-08-31
71,Rafael Leao,POR,FW,1,1,203,https://www.fifa.com/en/tournaments/mens/worldcup/canadamexicousa2026/statistics/player-statistics,2026-08-31
72,Trezeguet,EGY,FW,1,1,204,https://www.fifa.com/en/tournaments/mens/worldcup/canadamexicousa2026/statistics/player-statistics,2026-08-31
73,Mousa Altamari,JOR,FW,1,1,230,https://www.fifa.com/en/tournaments/mens/worldcup/canadamexicousa2026/statistics/player-statistics,2026-08-31
74,Sebastian Berhalter,USA,MF,1,1,231,https://www.fifa.com/en/tournaments/mens/worldcup/canadamexicousa2026/statistics/player-statistics,2026-08-31
75,Marcus Rashford,ENG,FW,1,1,258,https://www.fifa.com/en/tournaments/mens/worldcup/canadamexicousa2026/statistics/player-statistics,2026-08-31
76,Luis Romo,MEX,MF,1,1,284,https://www.fifa.com/en/tournaments/mens/worldcup/canadamexicousa2026/statistics/player-statistics,2026-08-31
77,Hwang Inbeom,KOR,MF,1,1,286,https://www.fifa.com/en/tournaments/mens/worldcup/canadamexicousa2026/statistics/player-statistics,2026-08-31
78,Felix Nmecha,GER,MF,1,1,299,https://www.fifa.com/en/tournaments/mens/worldcup/canadamexicousa2026/statistics/player-statistics,2026-08-31
79,Kaishu Sano,JPN,MF,1,1,303,https://www.fifa.com/en/tournaments/mens/worldcup/canadamexicousa2026/statistics/player-statistics,2026-08-31
80,Nathaniel Brown,GER,DF,1,1,319,https://www.fifa.com/en/tournaments/mens/worldcup/canadamexicousa2026/statistics/player-statistics,2026-08-31
81,Keito Nakamura,JPN,MF,1,1,330,https://www.fifa.com/en/tournaments/mens/worldcup/canadamexicousa2026/statistics/player-statistics,2026-08-31
82,Petar Sucic,CRO,MF,1,1,338,https://www.fifa.com/en/tournaments/mens/worldcup/canadamexicousa2026/statistics/player-statistics,2026-08-31
83,Ferran Torres,ESP,FW,1,1,349,https://www.fifa.com/en/tournaments/mens/worldcup/canadamexicousa2026/statistics/player-statistics,2026-08-31
84,Ivan Perisic,CRO,FW,1,1,413,https://www.fifa.com/en/tournaments/mens/worldcup/canadamexicousa2026/statistics/player-statistics,2026-08-31
85,Virgil Van Dijk,NED,DF,1,1,432,https://www.fifa.com/en/tournaments/mens/worldcup/canadamexicousa2026/statistics/player-statistics,2026-08-31
86,Matias Galarza,PAR,MF,1,1,439,https://www.fifa.com/en/tournaments/mens/worldcup/canadamexicousa2026/statistics/player-statistics,2026-08-31
87,Alex Freeman,USA,DF,1,1,442,https://www.fifa.com/en/tournaments/mens/worldcup/canadamexicousa2026/statistics/player-statistics,2026-08-31
88,Desire Doue,FRA,FW,1,1,449,https://www.fifa.com/en/tournaments/mens/worldcup/canadamexicousa2026/statistics/player-statistics,2026-08-31
89,Alex Baena,ESP,MF,1,1,522,https://www.fifa.com/en/tournaments/mens/worldcup/canadamexicousa2026/statistics/player-statistics,2026-08-31
90,Luis Diaz,COL,FW,1,1,525,https://www.fifa.com/en/tournaments/mens/worldcup/canadamexicousa2026/statistics/player-statistics,2026-08-31
91,Lisandro Martinez,ARG,DF,1,1,708,https://www.fifa.com/en/tournaments/mens/worldcup/canadamexicousa2026/statistics/player-statistics,2026-08-31
92,Alexis Mac Allister,ARG,MF,1,1,869,https://www.fifa.com/en/tournaments/mens/worldcup/canadamexicousa2026/statistics/player-statistics,2026-08-31
93,Kaan Ayhan,TUR,MF,1,0,11,https://www.fifa.com/en/tournaments/mens/worldcup/canadamexicousa2026/statistics/player-statistics,2026-08-31
94,Mattias Svanberg,SWE,MF,1,0,25,https://www.fifa.com/en/tournaments/mens/worldcup/canadamexicousa2026/statistics/player-statistics,2026-08-31
95,Mahmoud Saber,EGY,MF,1,0,51,https://www.fifa.com/en/tournaments/mens/worldcup/canadamexicousa2026/statistics/player-statistics,2026-08-31
96,Nadhir Benbouali,ALG,FW,1,0,52,https://www.fifa.com/en/tournaments/mens/worldcup/canadamexicousa2026/statistics/player-statistics,2026-08-31
97,Neymar Jr,BRA,FW,1,0,55,https://www.fifa.com/en/tournaments/mens/worldcup/canadamexicousa2026/statistics/player-statistics,2026-08-31
98,Fiston Mayele,COD,FW,1,0,55,https://www.fifa.com/en/tournaments/mens/worldcup/canadamexicousa2026/statistics/player-statistics,2026-08-31
99,Goncalo Ramos,POR,FW,1,0,58,https://www.fifa.com/en/tournaments/mens/worldcup/canadamexicousa2026/statistics/player-statistics,2026-08-31
100,Giovani Lo Celso,ARG,MF,1,0,64,https://www.fifa.com/en/tournaments/mens/worldcup/canadamexicousa2026/statistics/player-statistics,2026-08-31
101,Hassan Alhaydos,QAT,FW,1,0,69,https://www.fifa.com/en/tournaments/mens/worldcup/canadamexicousa2026/statistics/player-statistics,2026-08-31
102,Jovo Lukic,BIH,FW,1,0,77,https://www.fifa.com/en/tournaments/mens/worldcup/canadamexicousa2026/statistics/player-statistics,2026-08-31
103,Mateo Chavez,MEX,DF,1,0,81,https://www.fifa.com/en/tournaments/mens/worldcup/canadamexicousa2026/statistics/player-statistics,2026-08-31
104,Sasa Kalajdzic,AUT,FW,1,0,88,https://www.fifa.com/en/tournaments/mens/worldcup/canadamexicousa2026/statistics/player-statistics,2026-08-31
105,Hazem Mastouri,TUN,FW,1,0,92,https://www.fifa.com/en/tournaments/mens/worldcup/canadamexicousa2026/statistics/player-statistics,2026-08-31
106,Jaminton Campaz,COL,FW,1,0,98,https://www.fifa.com/en/tournaments/mens/worldcup/canadamexicousa2026/statistics/player-statistics,2026-08-31
107,Thelo Aasgaard,NOR,MF,1,0,100,https://www.fifa.com/en/tournaments/mens/worldcup/canadamexicousa2026/statistics/player-statistics,2026-08-31
108,Gessime Yassine,MAR,MF,1,0,101,https://www.fifa.com/en/tournaments/mens/worldcup/canadamexicousa2026/statistics/player-statistics,2026-08-31
109,Alexis Saelemaekers,BEL,MF,1,0,107,https://www.fifa.com/en/tournaments/mens/worldcup/canadamexicousa2026/statistics/player-statistics,2026-08-31
110,Alvaro Fidalgo,MEX,MF,1,0,117,https://www.fifa.com/en/tournaments/mens/worldcup/canadamexicousa2026/statistics/player-statistics,2026-08-31
111,Petar Musa,CRO,FW,1,0,119,https://www.fifa.com/en/tournaments/mens/worldcup/canadamexicousa2026/statistics/player-statistics,2026-08-31
112,Auston Trusty,USA,DF,1,0,123,https://www.fifa.com/en/tournaments/mens/worldcup/canadamexicousa2026/statistics/player-statistics,2026-08-31
113,Aymen Hussein,IRQ,FW,1,0,128,https://www.fifa.com/en/tournaments/mens/worldcup/canadamexicousa2026/statistics/player-statistics,2026-08-31
114,Helio Varela,CPV,MF,1,0,130,https://www.fifa.com/en/tournaments/mens/worldcup/canadamexicousa2026/statistics/player-statistics,2026-08-31
115,Oh Hyeongyu,KOR,FW,1,0,145,https://www.fifa.com/en/tournaments/mens/worldcup/canadamexicousa2026/statistics/player-statistics,2026-08-31
116,Nico Schlotterbeck,GER,DF,1,0,152,https://www.fifa.com/en/tournaments/mens/worldcup/canadamexicousa2026/statistics/player-statistics,2026-08-31
117,Giovanni Reyna,USA,MF,1,0,155,https://www.fifa.com/en/tournaments/mens/worldcup/canadamexicousa2026/statistics/player-statistics,2026-08-31
118,Brian Cipenga,COD,FW,1,0,160,https://www.fifa.com/en/tournaments/mens/worldcup/canadamexicousa2026/statistics/player-statistics,2026-08-31
119,Ante Budimir,CRO,FW,1,0,168,https://www.fifa.com/en/tournaments/mens/worldcup/canadamexicousa2026/statistics/player-statistics,2026-08-31
120,Gabriel Martinelli,BRA,FW,1,0,171,https://www.fifa.com/en/tournaments/mens/worldcup/canadamexicousa2026/statistics/player-statistics,2026-08-31
121,Leo Ostigard,NOR,DF,1,0,184,https://www.fifa.com/en/tournaments/mens/worldcup/canadamexicousa2026/statistics/player-statistics,2026-08-31
122,Omar Rekik,TUN,DF,1,0,200,https://www.fifa.com/en/tournaments/mens/worldcup/canadamexicousa2026/statistics/player-statistics,2026-08-31
123,Wilson Isidor,HAI,FW,1,0,201,https://www.fifa.com/en/tournaments/mens/worldcup/canadamexicousa2026/statistics/player-statistics,2026-08-31
124,Ibrahim Mbaye,SEN,FW,1,0,203,https://www.fifa.com/en/tournaments/mens/worldcup/canadamexicousa2026/statistics/player-statistics,2026-08-31
125,Michal Sadilek,CZE,MF,1,0,204,https://www.fifa.com/en/tournaments/mens/worldcup/canadamexicousa2026/statistics/player-statistics,2026-08-31
126,Nikola Vlasic,CRO,MF,1,0,204,https://www.fifa.com/en/tournaments/mens/worldcup/canadamexicousa2026/statistics/player-statistics,2026-08-31
127,Derrick Luckassen,GHA,DF,1,0,205,https://www.fifa.com/en/tournaments/mens/worldcup/canadamexicousa2026/statistics/player-statistics,2026-08-31
128,Mauricio,PAR,MF,1,0,208,https://www.fifa.com/en/tournaments/mens/worldcup/canadamexicousa2026/statistics/player-statistics,2026-08-31
129,Nilson Angulo,ECU,FW,1,0,240,https://www.fifa.com/en/tournaments/mens/worldcup/canadamexicousa2026/statistics/player-statistics,2026-08-31
130,Abbosbek Fayzullaev,UZB,MF,1,0,240,https://www.fifa.com/en/tournaments/mens/worldcup/canadamexicousa2026/statistics/player-statistics,2026-08-31
131,Junya Ito,JPN,MF,1,0,242,https://www.fifa.com/en/tournaments/mens/worldcup/canadamexicousa2026/statistics/player-statistics,2026-08-31
132,Livano Comenencia,CUW,MF,1,0,253,https://www.fifa.com/en/tournaments/mens/worldcup/canadamexicousa2026/statistics/player-statistics,2026-08-31
133,Thapelo Maseko,RSA,FW,1,0,255,https://www.fifa.com/en/tournaments/mens/worldcup/canadamexicousa2026/statistics/player-statistics,2026-08-31
134,Agustin Canobbio,URU,MF,1,0,261,https://www.fifa.com/en/tournaments/mens/worldcup/canadamexicousa2026/statistics/player-statistics,2026-08-31
135,Abdulelah Alamri,KSA,DF,1,0,268,https://www.fifa.com/en/tournaments/mens/worldcup/canadamexicousa2026/statistics/player-statistics,2026-08-31
136,Amine Gouiri,ALG,FW,1,0,270,https://www.fifa.com/en/tournaments/mens/worldcup/canadamexicousa2026/statistics/player-statistics,2026-08-31
137,Daizen Maeda,JPN,MF,1,0,271,https://www.fifa.com/en/tournaments/mens/worldcup/canadamexicousa2026/statistics/player-statistics,2026-08-31
138,Mohammad Mohebbi,IRN,MF,1,0,271,https://www.fifa.com/en/tournaments/mens/worldcup/canadamexicousa2026/statistics/player-statistics,2026-08-31
139,Marcus Holmgren Pedersen,NOR,DF,1,0,273,https://www.fifa.com/en/tournaments/mens/worldcup/canadamexicousa2026/statistics/player-statistics,2026-08-31
140,John Mcginn,SCO,MF,1,0,277,https://www.fifa.com/en/tournaments/mens/worldcup/canadamexicousa2026/statistics/player-statistics,2026-08-31
141,Romano Schmid,AUT,MF,1,0,283,https://www.fifa.com/en/tournaments/mens/worldcup/canadamexicousa2026/statistics/player-statistics,2026-08-31
142,Nestory Irankunda,AUS,FW,1,0,285,https://www.fifa.com/en/tournaments/mens/worldcup/canadamexicousa2026/statistics/player-statistics,2026-08-31
143,Nizar Alrashdan,JOR,MF,1,0,289,https://www.fifa.com/en/tournaments/mens/worldcup/canadamexicousa2026/statistics/player-statistics,2026-08-31
144,Ali Olwan,JOR,FW,1,0,297,https://www.fifa.com/en/tournaments/mens/worldcup/canadamexicousa2026/statistics/player-statistics,2026-08-31
145,Deroy Duarte,CPV,MF,1,0,300,https://www.fifa.com/en/tournaments/mens/worldcup/canadamexicousa2026/statistics/player-statistics,2026-08-31
146,Ladislav Krejci,CZE,DF,1,0,301,https://www.fifa.com/en/tournaments/mens/worldcup/canadamexicousa2026/statistics/player-statistics,2026-08-31
147,Teboho Mokoena,RSA,MF,1,0,301,https://www.fifa.com/en/tournaments/mens/worldcup/canadamexicousa2026/statistics/player-statistics,2026-08-31
148,Eldor Shomurodov,UZB,FW,1,0,304,https://www.fifa.com/en/tournaments/mens/worldcup/canadamexicousa2026/statistics/player-statistics,2026-08-31
149,Jamal Musiala,GER,MF,1,0,305,https://www.fifa.com/en/tournaments/mens/worldcup/canadamexicousa2026/statistics/player-statistics,2026-08-31
150,Finn Surman,NZL,DF,1,0,306,https://www.fifa.com/en/tournaments/mens/worldcup/canadamexicousa2026/statistics/player-statistics,2026-08-31
151,Caleb Yirenkyi,GHA,MF,1,0,307,https://www.fifa.com/en/tournaments/mens/worldcup/canadamexicousa2026/statistics/player-statistics,2026-08-31
152,Kerim Alajbegovic,BIH,FW,1,0,312,https://www.fifa.com/en/tournaments/mens/worldcup/canadamexicousa2026/statistics/player-statistics,2026-08-31
153,Arda Guler,TUR,FW,1,0,313,https://www.fifa.com/en/tournaments/mens/worldcup/canadamexicousa2026/statistics/player-statistics,2026-08-31
154,Sidny Lopes Cabral,CPV,DF,1,0,324,https://www.fifa.com/en/tournaments/mens/worldcup/canadamexicousa2026/statistics/player-statistics,2026-08-31
155,Martin Baturina,CRO,MF,1,0,344,https://www.fifa.com/en/tournaments/mens/worldcup/canadamexicousa2026/statistics/player-statistics,2026-08-31
156,Connor Metcalfe,AUS,MF,1,0,354,https://www.fifa.com/en/tournaments/mens/worldcup/canadamexicousa2026/statistics/player-statistics,2026-08-31
157,Antonio Nusa,NOR,FW,1,0,357,https://www.fifa.com/en/tournaments/mens/worldcup/canadamexicousa2026/statistics/player-statistics,2026-08-31
158,Leroy Sane,GER,MF,1,0,360,https://www.fifa.com/en/tournaments/mens/worldcup/canadamexicousa2026/statistics/player-statistics,2026-08-31
159,Rafik Belghali,ALG,DF,1,0,362,https://www.fifa.com/en/tournaments/mens/worldcup/canadamexicousa2026/statistics/player-statistics,2026-08-31
160,Fabian Ruiz,ESP,MF,1,0,366,https://www.fifa.com/en/tournaments/mens/worldcup/canadamexicousa2026/statistics/player-statistics,2026-08-31
161,Franck Kessie,CIV,MF,1,0,389,https://www.fifa.com/en/tournaments/mens/worldcup/canadamexicousa2026/statistics/player-statistics,2026-08-31
162,Kevin Pina,CPV,MF,1,0,389,https://www.fifa.com/en/tournaments/mens/worldcup/canadamexicousa2026/statistics/player-statistics,2026-08-31
163,Jhon Arias,COL,MF,1,0,405,https://www.fifa.com/en/tournaments/mens/worldcup/canadamexicousa2026/statistics/player-statistics,2026-08-31
164,Gonzalo Plata,ECU,FW,1,0,407,https://www.fifa.com/en/tournaments/mens/worldcup/canadamexicousa2026/statistics/player-statistics,2026-08-31
165,Marcel Sabitzer,AUT,MF,1,0,412,https://www.fifa.com/en/tournaments/mens/worldcup/canadamexicousa2026/statistics/player-statistics,2026-08-31
166,Kevin De Bruyne,BEL,MF,1,0,412,https://www.fifa.com/en/tournaments/mens/worldcup/canadamexicousa2026/statistics/player-statistics,2026-08-31
167,Casemiro,BRA,MF,1,0,425,https://www.fifa.com/en/tournaments/mens/worldcup/canadamexicousa2026/statistics/player-statistics,2026-08-31
168,Jan Paul Van Hecke,NED,DF,1,0,432,https://www.fifa.com/en/tournaments/mens/worldcup/canadamexicousa2026/statistics/player-statistics,2026-08-31
169,Stephen Eustaquio,CAN,MF,1,0,444,https://www.fifa.com/en/tournaments/mens/worldcup/canadamexicousa2026/statistics/player-statistics,2026-08-31
170,Nuno Mendes,POR,DF,1,0,447,https://www.fifa.com/en/tournaments/mens/worldcup/canadamexicousa2026/statistics/player-statistics,2026-08-31
171,Joao Neves,POR,MF,1,0,450,https://www.fifa.com/en/tournaments/mens/worldcup/canadamexicousa2026/statistics/player-statistics,2026-08-31
172,Yasser Ibrahim,EGY,DF,1,0,533,https://www.fifa.com/en/tournaments/mens/worldcup/canadamexicousa2026/statistics/player-statistics,2026-08-31
173,Issa Diop,MAR,DF,1,0,534,https://www.fifa.com/en/tournaments/mens/worldcup/canadamexicousa2026/statistics/player-statistics,2026-08-31
174,Granit Xhaka,SUI,MF,1,0,673,https://www.fifa.com/en/tournaments/mens/worldcup/canadamexicousa2026/statistics/player-statistics,2026-08-31
175,Cristian Romero,ARG,DF,1,0,685,https://www.fifa.com/en/tournaments/mens/worldcup/canadamexicousa2026/statistics/player-statistics,2026-08-31
176,Julian Alvarez,ARG,FW,1,0,690,https://www.fifa.com/en/tournaments/mens/worldcup/canadamexicousa2026/statistics/player-statistics,2026-08-31
177,Lamine Yamal,ESP,FW,1,0,697,https://www.fifa.com/en/tournaments/mens/worldcup/canadamexicousa2026/statistics/player-statistics,2026-08-31
178,Ezri Konsa,ENG,DF,1,0,739,https://www.fifa.com/en/tournaments/mens/worldcup/canadamexicousa2026/statistics/player-statistics,2026-08-31
179,Michael Olise,FRA,FW,0,7,719,https://www.fifa.com/en/tournaments/mens/worldcup/canadamexicousa2026/statistics/player-statistics,2026-08-31
180,Bruno Guimaraes,BRA,MF,0,4,458,https://www.fifa.com/en/tournaments/mens/worldcup/canadamexicousa2026/statistics/player-statistics,2026-08-31
181,Brahim Diaz,MAR,FW,0,4,500,https://www.fifa.com/en/tournaments/mens/worldcup/canadamexicousa2026/statistics/player-statistics,2026-08-31
182,Martin Odegaard,NOR,MF,0,4,537,https://www.fifa.com/en/tournaments/mens/worldcup/canadamexicousa2026/statistics/player-statistics,2026-08-31
183,Florian Wirtz,GER,MF,0,3,405,https://www.fifa.com/en/tournaments/mens/worldcup/canadamexicousa2026/statistics/player-statistics,2026-08-31
184,Roberto Alvarado,MEX,FW,0,3,476,https://www.fifa.com/en/tournaments/mens/worldcup/canadamexicousa2026/statistics/player-statistics,2026-08-31
185,Houssem Aouar,ALG,MF,0,2,191,https://www.fifa.com/en/tournaments/mens/worldcup/canadamexicousa2026/statistics/player-statistics,2026-08-31
186,Hannibal Mejbri,TUN,MF,0,2,298,https://www.fifa.com/en/tournaments/mens/worldcup/canadamexicousa2026/statistics/player-statistics,2026-08-31
187,Chris Wood,NZL,FW,0,2,306,https://www.fifa.com/en/tournaments/mens/worldcup/canadamexicousa2026/statistics/player-statistics,2026-08-31
188,Ryan Gravenberch,NED,MF,0,2,374,https://www.fifa.com/en/tournaments/mens/worldcup/canadamexicousa2026/statistics/player-statistics,2026-08-31
189,Joshua Kimmich,GER,DF,0,2,392,https://www.fifa.com/en/tournaments/mens/worldcup/canadamexicousa2026/statistics/player-statistics,2026-08-31
190,Nicolas Raskin,BEL,MF,0,2,396,https://www.fifa.com/en/tournaments/mens/worldcup/canadamexicousa2026/statistics/player-statistics,2026-08-31
191,Denzel Dumfries,NED,DF,0,2,432,https://www.fifa.com/en/tournaments/mens/worldcup/canadamexicousa2026/statistics/player-statistics,2026-08-31
192,Patrick Berg,NOR,MF,0,2,519,https://www.fifa.com/en/tournaments/mens/worldcup/canadamexicousa2026/statistics/player-statistics,2026-08-31
193,Dani Olmo,ESP,FW,0,2,535,https://www.fifa.com/en/tournaments/mens/worldcup/canadamexicousa2026/statistics/player-statistics,2026-08-31
194,Marc Cucurella,ESP,DF,0,2,857,https://www.fifa.com/en/tournaments/mens/worldcup/canadamexicousa2026/statistics/player-statistics,2026-08-31
195,Jose Manuel Lopez,ARG,FW,0,1,28,https://www.fifa.com/en/tournaments/mens/worldcup/canadamexicousa2026/statistics/player-statistics,2026-08-31
196,Dennis Hadzikadunic,BIH,DF,0,1,33,https://www.fifa.com/en/tournaments/mens/worldcup/canadamexicousa2026/statistics/player-statistics,2026-08-31
197,Tshepang Moremi,RSA,FW,0,1,44,https://www.fifa.com/en/tournaments/mens/worldcup/canadamexicousa2026/statistics/player-statistics,2026-08-31
198,Yannick Semedo,CPV,MF,0,1,46,https://www.fifa.com/en/tournaments/mens/worldcup/canadamexicousa2026/statistics/player-statistics,2026-08-31
199,Nadiem Amiri,GER,MF,0,1,50,https://www.fifa.com/en/tournaments/mens/worldcup/canadamexicousa2026/statistics/player-statistics,2026-08-31
200,Koki Ogawa,JPN,FW,0,1,56,https://www.fifa.com/en/tournaments/mens/worldcup/canadamexicousa2026/statistics/player-statistics,2026-08-31
201,Meschack Elia,COD,FW,0,1,59,https://www.fifa.com/en/tournaments/mens/worldcup/canadamexicousa2026/statistics/player-statistics,2026-08-31
202,Cucho Hernandez,COL,FW,0,1,66,https://www.fifa.com/en/tournaments/mens/worldcup/canadamexicousa2026/statistics/player-statistics,2026-08-31
203,Abdoulaye Seck,SEN,DF,0,1,66,https://www.fifa.com/en/tournaments/mens/worldcup/canadamexicousa2026/statistics/player-statistics,2026-08-31
204,Memphis Depay,NED,FW,0,1,68,https://www.fifa.com/en/tournaments/mens/worldcup/canadamexicousa2026/statistics/player-statistics,2026-08-31
205,Brandon Thomas Asante,GHA,FW,0,1,70,https://www.fifa.com/en/tournaments/mens/worldcup/canadamexicousa2026/statistics/player-statistics,2026-08-31
206,Takefusa Kubo,JPN,MF,0,1,77,https://www.fifa.com/en/tournaments/mens/worldcup/canadamexicousa2026/statistics/player-statistics,2026-08-31
207,Ernest Nuamah,GHA,FW,0,1,109,https://www.fifa.com/en/tournaments/mens/worldcup/canadamexicousa2026/statistics/player-statistics,2026-08-31
208,Kou Itakura,JPN,DF,0,1,138,https://www.fifa.com/en/tournaments/mens/worldcup/canadamexicousa2026/statistics/player-statistics,2026-08-31
209,Haissem Hassan,EGY,FW,0,1,138,https://www.fifa.com/en/tournaments/mens/worldcup/canadamexicousa2026/statistics/player-statistics,2026-08-31
210,Kevin Rodriguez,ECU,FW,0,1,146,https://www.fifa.com/en/tournaments/mens/worldcup/canadamexicousa2026/statistics/player-statistics,2026-08-31
211,Juan Quintero,COL,MF,0,1,146,https://www.fifa.com/en/tournaments/mens/worldcup/canadamexicousa2026/statistics/player-statistics,2026-08-31
212,Alexandr Sojka,CZE,MF,0,1,155,https://www.fifa.com/en/tournaments/mens/worldcup/canadamexicousa2026/statistics/player-statistics,2026-08-31
213,Nico Williams,ESP,FW,0,1,159,https://www.fifa.com/en/tournaments/mens/worldcup/canadamexicousa2026/statistics/player-statistics,2026-08-31
214,Orkun Kokcu,TUR,MF,0,1,172,https://www.fifa.com/en/tournaments/mens/worldcup/canadamexicousa2026/statistics/player-statistics,2026-08-31
215,Jean Kevin Duverne,HAI,DF,0,1,186,https://www.fifa.com/en/tournaments/mens/worldcup/canadamexicousa2026/statistics/player-statistics,2026-08-31
216,Wilfried Singo,CIV,DF,0,1,190,https://www.fifa.com/en/tournaments/mens/worldcup/canadamexicousa2026/statistics/player-statistics,2026-08-31
217,Karim Hafez,EGY,DF,0,1,198,https://www.fifa.com/en/tournaments/mens/worldcup/canadamexicousa2026/statistics/player-statistics,2026-08-31
218,Ivan Basic,BIH,MF,0,1,200,https://www.fifa.com/en/tournaments/mens/worldcup/canadamexicousa2026/statistics/player-statistics,2026-08-31
219,Michael Gregoritsch,AUT,FW,0,1,207,https://www.fifa.com/en/tournaments/mens/worldcup/canadamexicousa2026/statistics/player-statistics,2026-08-31
220,Lucas Bergvall,SWE,MF,0,1,207,https://www.fifa.com/en/tournaments/mens/worldcup/canadamexicousa2026/statistics/player-statistics,2026-08-31
221,Tijjani Reijnders,NED,MF,0,1,211,https://www.fifa.com/en/tournaments/mens/worldcup/canadamexicousa2026/statistics/player-statistics,2026-08-31
222,Paul Okon Engstler,AUS,MF,0,1,214,https://www.fifa.com/en/tournaments/mens/worldcup/canadamexicousa2026/statistics/player-statistics,2026-08-31
223,Marcos Llorente,ESP,DF,0,1,217,https://www.fifa.com/en/tournaments/mens/worldcup/canadamexicousa2026/statistics/player-statistics,2026-08-31
224,Chemsdine Talbi,MAR,MF,0,1,217,https://www.fifa.com/en/tournaments/mens/worldcup/canadamexicousa2026/statistics/player-statistics,2026-08-31
225,Thomas Meunier,BEL,DF,0,1,226,https://www.fifa.com/en/tournaments/mens/worldcup/canadamexicousa2026/statistics/player-statistics,2026-08-31
226,Edmilson Junior,QAT,FW,0,1,228,https://www.fifa.com/en/tournaments/mens/worldcup/canadamexicousa2026/statistics/player-statistics,2026-08-31
227,Gonzalo Montiel,ARG,DF,0,1,241,https://www.fifa.com/en/tournaments/mens/worldcup/canadamexicousa2026/statistics/player-statistics,2026-08-31
228,Tim Payne,NZL,DF,0,1,241,https://www.fifa.com/en/tournaments/mens/worldcup/canadamexicousa2026/statistics/player-statistics,2026-08-31
229,Akmal Mozgovoy,UZB,MF,0,1,243,https://www.fifa.com/en/tournaments/mens/worldcup/canadamexicousa2026/statistics/player-statistics,2026-08-31
230,Eberechi Eze,ENG,MF,0,1,247,https://www.fifa.com/en/tournaments/mens/worldcup/canadamexicousa2026/statistics/player-statistics,2026-08-31
231,Christian Pulisic,USA,FW,0,1,253,https://www.fifa.com/en/tournaments/mens/worldcup/canadamexicousa2026/statistics/player-statistics,2026-08-31
232,Lucas Paqueta,BRA,MF,0,1,255,https://www.fifa.com/en/tournaments/mens/worldcup/canadamexicousa2026/statistics/player-statistics,2026-08-31
233,Xaver Schlager,AUT,MF,0,1,265,https://www.fifa.com/en/tournaments/mens/worldcup/canadamexicousa2026/statistics/player-statistics,2026-08-31
234,Nicolas Jackson,SEN,FW,0,1,271,https://www.fifa.com/en/tournaments/mens/worldcup/canadamexicousa2026/statistics/player-statistics,2026-08-31
235,Amir Alammari,IRQ,MF,0,1,279,https://www.fifa.com/en/tournaments/mens/worldcup/canadamexicousa2026/statistics/player-statistics,2026-08-31
236,Lamine Camara,SEN,MF,0,1,287,https://www.fifa.com/en/tournaments/mens/worldcup/canadamexicousa2026/statistics/player-statistics,2026-08-31
237,Ehsan Haddad,JOR,DF,0,1,287,https://www.fifa.com/en/tournaments/mens/worldcup/canadamexicousa2026/statistics/player-statistics,2026-08-31
238,Mateo Kovacic,CRO,MF,0,1,293,https://www.fifa.com/en/tournaments/mens/worldcup/canadamexicousa2026/statistics/player-statistics,2026-08-31
239,Ritsu Doan,JPN,MF,0,1,295,https://www.fifa.com/en/tournaments/mens/worldcup/canadamexicousa2026/statistics/player-statistics,2026-08-31
240,Lee Kangin,KOR,MF,0,1,300,https://www.fifa.com/en/tournaments/mens/worldcup/canadamexicousa2026/statistics/player-statistics,2026-08-31
241,Vladimir Coufal,CZE,DF,0,1,301,https://www.fifa.com/en/tournaments/mens/worldcup/canadamexicousa2026/statistics/player-statistics,2026-08-31
242,David Alaba,AUT,DF,0,1,302,https://www.fifa.com/en/tournaments/mens/worldcup/canadamexicousa2026/statistics/player-statistics,2026-08-31
243,Ibrahim Sangare,CIV,MF,0,1,305,https://www.fifa.com/en/tournaments/mens/worldcup/canadamexicousa2026/statistics/player-statistics,2026-08-31
244,Noor Alrawabdeh,JOR,MF,0,1,309,https://www.fifa.com/en/tournaments/mens/worldcup/canadamexicousa2026/statistics/player-statistics,2026-08-31
245,Nico Gonzalez,ARG,MF,0,1,324,https://www.fifa.com/en/tournaments/mens/worldcup/canadamexicousa2026/statistics/player-statistics,2026-08-31
246,Rayan,BRA,FW,0,1,327,https://www.fifa.com/en/tournaments/mens/worldcup/canadamexicousa2026/statistics/player-statistics,2026-08-31
247,Arthur Masuaku,COD,DF,0,1,340,https://www.fifa.com/en/tournaments/mens/worldcup/canadamexicousa2026/statistics/player-statistics,2026-08-31
248,Joao Cancelo,POR,DF,0,1,342,https://www.fifa.com/en/tournaments/mens/worldcup/canadamexicousa2026/statistics/player-statistics,2026-08-31
249,Facundo Medina,ARG,DF,0,1,350,https://www.fifa.com/en/tournaments/mens/worldcup/canadamexicousa2026/statistics/player-statistics,2026-08-31
250,Luka Modric,CRO,MF,0,1,360,https://www.fifa.com/en/tournaments/mens/worldcup/canadamexicousa2026/statistics/player-statistics,2026-08-31
251,Yan Diomande,CIV,FW,0,1,361,https://www.fifa.com/en/tournaments/mens/worldcup/canadamexicousa2026/statistics/player-statistics,2026-08-31
252,Luis Suarez,COL,FW,0,1,365,https://www.fifa.com/en/tournaments/mens/worldcup/canadamexicousa2026/statistics/player-statistics,2026-08-31
253,Ryan Mendes,CPV,FW,0,1,366,https://www.fifa.com/en/tournaments/mens/worldcup/canadamexicousa2026/statistics/player-statistics,2026-08-31
254,Sead Kolasinac,BIH,DF,0,1,373,https://www.fifa.com/en/tournaments/mens/worldcup/canadamexicousa2026/statistics/player-statistics,2026-08-31
255,Pedro Neto,POR,FW,0,1,381,https://www.fifa.com/en/tournaments/mens/worldcup/canadamexicousa2026/statistics/player-statistics,2026-08-31
256,Jorge Sanchez,MEX,DF,0,1,388,https://www.fifa.com/en/tournaments/mens/worldcup/canadamexicousa2026/statistics/player-statistics,2026-08-31
257,Chadi Riad,MAR,DF,0,1,390,https://www.fifa.com/en/tournaments/mens/worldcup/canadamexicousa2026/statistics/player-statistics,2026-08-31
258,Erik Lira,MEX,MF,0,1,391,https://www.fifa.com/en/tournaments/mens/worldcup/canadamexicousa2026/statistics/player-statistics,2026-08-31
259,Aurelien Tchouameni,FRA,MF,0,1,407,https://www.fifa.com/en/tournaments/mens/worldcup/canadamexicousa2026/statistics/player-statistics,2026-08-31
260,Pedro Vite,ECU,MF,0,1,407,https://www.fifa.com/en/tournaments/mens/worldcup/canadamexicousa2026/statistics/player-statistics,2026-08-31
261,Chancel Mbemba,COD,DF,0,1,409,https://www.fifa.com/en/tournaments/mens/worldcup/canadamexicousa2026/statistics/player-statistics,2026-08-31
262,Morgan Rogers,ENG,MF,0,1,411,https://www.fifa.com/en/tournaments/mens/worldcup/canadamexicousa2026/statistics/player-statistics,2026-08-31
263,Konrad Laimer,AUT,MF,0,1,412,https://www.fifa.com/en/tournaments/mens/worldcup/canadamexicousa2026/statistics/player-statistics,2026-08-31
264,Josip Stanisic,CRO,DF,0,1,413,https://www.fifa.com/en/tournaments/mens/worldcup/canadamexicousa2026/statistics/player-statistics,2026-08-31
265,Sadio Mane,SEN,FW,0,1,421,https://www.fifa.com/en/tournaments/mens/worldcup/canadamexicousa2026/statistics/player-statistics,2026-08-31
266,Moussa Niakhate,SEN,DF,0,1,459,https://www.fifa.com/en/tournaments/mens/worldcup/canadamexicousa2026/statistics/player-statistics,2026-08-31
267,Bruno Fernandes,POR,MF,0,1,471,https://www.fifa.com/en/tournaments/mens/worldcup/canadamexicousa2026/statistics/player-statistics,2026-08-31
268,David Moller Wolfe,NOR,DF,0,1,477,https://www.fifa.com/en/tournaments/mens/worldcup/canadamexicousa2026/statistics/player-statistics,2026-08-31
269,Marawan Attia,EGY,MF,0,1,495,https://www.fifa.com/en/tournaments/mens/worldcup/canadamexicousa2026/statistics/player-statistics,2026-08-31
270,Gustavo Puerta,COL,DF,0,1,520,https://www.fifa.com/en/tournaments/mens/worldcup/canadamexicousa2026/statistics/player-statistics,2026-08-31
271,Gabriel Magalhaes,BRA,DF,0,1,520,https://www.fifa.com/en/tournaments/mens/worldcup/canadamexicousa2026/statistics/player-statistics,2026-08-31
272,Rodrigo De Paul,ARG,MF,0,1,539,https://www.fifa.com/en/tournaments/mens/worldcup/canadamexicousa2026/statistics/player-statistics,2026-08-31
273,Timothy Castagne,BEL,DF,0,1,546,https://www.fifa.com/en/tournaments/mens/worldcup/canadamexicousa2026/statistics/player-statistics,2026-08-31
274,Mohamed Hany,EGY,DF,0,1,546,https://www.fifa.com/en/tournaments/mens/worldcup/canadamexicousa2026/statistics/player-statistics,2026-08-31
275,Ricardo Rodriguez,SUI,DF,0,1,567,https://www.fifa.com/en/tournaments/mens/worldcup/canadamexicousa2026/statistics/player-statistics,2026-08-31
276,Adrien Rabiot,FRA,MF,0,1,657,https://www.fifa.com/en/tournaments/mens/worldcup/canadamexicousa2026/statistics/player-statistics,2026-08-31
277,Elliot Anderson,ENG,MF,0,1,713,https://www.fifa.com/en/tournaments/mens/worldcup/canadamexicousa2026/statistics/player-statistics,2026-08-31
278,Dayot Upamecano,FRA,DF,0,1,740,https://www.fifa.com/en/tournaments/mens/worldcup/canadamexicousa2026/statistics/player-statistics,2026-08-31
279,Aymeric Laporte,ESP,DF,0,1,824,https://www.fifa.com/en/tournaments/mens/worldcup/canadamexicousa2026/statistics/player-statistics,2026-08-31
512,Baba Rahman,GHA,DF,0,0,1,https://www.fifa.com/en/tournaments/mens/worldcup/canadamexicousa2026/statistics/player-statistics,2026-08-31
513,Borja Iglesias,ESP,FW,0,0,1,https://www.fifa.com/en/tournaments/mens/worldcup/canadamexicousa2026/statistics/player-statistics,2026-08-31
514,Marcus Thuram,FRA,FW,0,0,2,https://www.fifa.com/en/tournaments/mens/worldcup/canadamexicousa2026/statistics/player-statistics,2026-08-31
515,Mathew Ryan,AUS,GK,0,0,2,https://www.fifa.com/en/tournaments/mens/worldcup/canadamexicousa2026/statistics/player-statistics,2026-08-31
516,Max Arfsten,USA,DF,0,0,2,https://www.fifa.com/en/tournaments/mens/worldcup/canadamexicousa2026/statistics/player-statistics,2026-08-31
517,Yerry Mina,COL,DF,0,0,2,https://www.fifa.com/en/tournaments/mens/worldcup/canadamexicousa2026/statistics/player-statistics,2026-08-31
518,Fares Ghedjemis,ALG,FW,0,0,2,https://www.fifa.com/en/tournaments/mens/worldcup/canadamexicousa2026/statistics/player-statistics,2026-08-31
519,Sherzod Esanov,UZB,MF,0,0,3,https://www.fifa.com/en/tournaments/mens/worldcup/canadamexicousa2026/statistics/player-statistics,2026-08-31
520,Marc Pubill,ESP,DF,0,0,3,https://www.fifa.com/en/tournaments/mens/worldcup/canadamexicousa2026/statistics/player-statistics,2026-08-31
522,Matheus Nunes,POR,MF,0,0,4,https://www.fifa.com/en/tournaments/mens/worldcup/canadamexicousa2026/statistics/player-statistics,2026-08-31
523,Haji Wright,USA,FW,0,0,4,https://www.fifa.com/en/tournaments/mens/worldcup/canadamexicousa2026/statistics/player-statistics,2026-08-31
524,Gustaf Nilsson,SWE,FW,0,0,5,https://www.fifa.com/en/tournaments/mens/worldcup/canadamexicousa2026/statistics/player-statistics,2026-08-31
525,Trevoh Chalobah,ENG,DF,0,0,6,https://www.fifa.com/en/tournaments/mens/worldcup/canadamexicousa2026/statistics/player-statistics,2026-08-31
526,Brandley Kuwas,CUW,FW,0,0,6,https://www.fifa.com/en/tournaments/mens/worldcup/canadamexicousa2026/statistics/player-statistics,2026-08-31
527,Shurandy Sambo,CUW,DF,0,0,6,https://www.fifa.com/en/tournaments/mens/worldcup/canadamexicousa2026/statistics/player-statistics,2026-08-31
528,Ibrahim Adel,EGY,FW,0,0,7,https://www.fifa.com/en/tournaments/mens/worldcup/canadamexicousa2026/statistics/player-statistics,2026-08-31
529,Irfan Can Kahveci,TUR,FW,0,0,7,https://www.fifa.com/en/tournaments/mens/worldcup/canadamexicousa2026/statistics/player-statistics,2026-08-31
530,Ross Stewart,SCO,FW,0,0,7,https://www.fifa.com/en/tournaments/mens/worldcup/canadamexicousa2026/statistics/player-statistics,2026-08-31
531,Andres Gomez,COL,FW,0,0,7,https://www.fifa.com/en/tournaments/mens/worldcup/canadamexicousa2026/statistics/player-statistics,2026-08-31
532,Rodrigo Aguirre,URU,FW,0,0,8,https://www.fifa.com/en/tournaments/mens/worldcup/canadamexicousa2026/statistics/player-statistics,2026-08-31
533,Khalid Alghannam,KSA,FW,0,0,8,https://www.fifa.com/en/tournaments/mens/worldcup/canadamexicousa2026/statistics/player-statistics,2026-08-31
534,Alberto Quintero,PAN,MF,0,0,8,https://www.fifa.com/en/tournaments/mens/worldcup/canadamexicousa2026/statistics/player-statistics,2026-08-31
535,Maghnes Akliouche,FRA,MF,0,0,10,https://www.fifa.com/en/tournaments/mens/worldcup/canadamexicousa2026/statistics/player-statistics,2026-08-31
536,Carl Starfelt,SWE,DF,0,0,10,https://www.fifa.com/en/tournaments/mens/worldcup/canadamexicousa2026/statistics/player-statistics,2026-08-31
537,Gedeon Kalulu,COD,DF,0,0,10,https://www.fifa.com/en/tournaments/mens/worldcup/canadamexicousa2026/statistics/player-statistics,2026-08-31
539,Marten De Roon,NED,MF,0,0,11,https://www.fifa.com/en/tournaments/mens/worldcup/canadamexicousa2026/statistics/player-statistics,2026-08-31
540,Anibal Godoy,PAN,MF,0,0,11,https://www.fifa.com/en/tournaments/mens/worldcup/canadamexicousa2026/statistics/player-statistics,2026-08-31
542,Keisuke Goto,JPN,FW,0,0,11,https://www.fifa.com/en/tournaments/mens/worldcup/canadamexicousa2026/statistics/player-statistics,2026-08-31
543,Mohammad Abuzraiq,JOR,FW,0,0,12,https://www.fifa.com/en/tournaments/mens/worldcup/canadamexicousa2026/statistics/player-statistics,2026-08-31
544,Godfried Roemeratoe,CUW,MF,0,0,12,https://www.fifa.com/en/tournaments/mens/worldcup/canadamexicousa2026/statistics/player-statistics,2026-08-31
545,Jordan Henderson,ENG,MF,0,0,12,https://www.fifa.com/en/tournaments/mens/worldcup/canadamexicousa2026/statistics/player-statistics,2026-08-31
546,Christian Fassnacht,SUI,FW,0,0,12,https://www.fifa.com/en/tournaments/mens/worldcup/canadamexicousa2026/statistics/player-statistics,2026-08-31
548,Jens Petter Hauge,NOR,MF,0,0,12,https://www.fifa.com/en/tournaments/mens/worldcup/canadamexicousa2026/statistics/player-statistics,2026-08-31
549,Amir Hadziahmetovic,BIH,MF,0,0,12,https://www.fifa.com/en/tournaments/mens/worldcup/canadamexicousa2026/statistics/player-statistics,2026-08-31
550,Mojmir Chytil,CZE,FW,0,0,12,https://www.fifa.com/en/tournaments/mens/worldcup/canadamexicousa2026/statistics/player-statistics,2026-08-31
551,Jayden Nelson,CAN,FW,0,0,12,https://www.fifa.com/en/tournaments/mens/worldcup/canadamexicousa2026/statistics/player-statistics,2026-08-31
552,Cesar Huerta,MEX,FW,0,0,12,https://www.fifa.com/en/tournaments/mens/worldcup/canadamexicousa2026/statistics/player-statistics,2026-08-31
554,Kento Shiogai,JPN,FW,0,0,12,https://www.fifa.com/en/tournaments/mens/worldcup/canadamexicousa2026/statistics/player-statistics,2026-08-31
555,Felix Torres,ECU,DF,0,0,12,https://www.fifa.com/en/tournaments/mens/worldcup/canadamexicousa2026/statistics/player-statistics,2026-08-31
556,Lucas Mendes,QAT,DF,0,0,13,https://www.fifa.com/en/tournaments/mens/worldcup/canadamexicousa2026/statistics/player-statistics,2026-08-31
557,Mohammad Abuhasheesh,JOR,DF,0,0,13,https://www.fifa.com/en/tournaments/mens/worldcup/canadamexicousa2026/statistics/player-statistics,2026-08-31
558,Kamogelo Sebelebele,RSA,FW,0,0,13,https://www.fifa.com/en/tournaments/mens/worldcup/canadamexicousa2026/statistics/player-statistics,2026-08-31
559,Yassin Fortune,HAI,FW,0,0,13,https://www.fifa.com/en/tournaments/mens/worldcup/canadamexicousa2026/statistics/player-statistics,2026-08-31
561,Derrick Etienne,HAI,FW,0,0,14,https://www.fifa.com/en/tournaments/mens/worldcup/canadamexicousa2026/statistics/player-statistics,2026-08-31
562,Eric Davis,PAN,DF,0,0,14,https://www.fifa.com/en/tournaments/mens/worldcup/canadamexicousa2026/statistics/player-statistics,2026-08-31
563,Alex Sandro,BRA,DF,0,0,15,https://www.fifa.com/en/tournaments/mens/worldcup/canadamexicousa2026/statistics/player-statistics,2026-08-31
564,Caglar Soyuncu,TUR,DF,0,0,15,https://www.fifa.com/en/tournaments/mens/worldcup/canadamexicousa2026/statistics/player-statistics,2026-08-31
565,Mohammad Aldaoud,JOR,MF,0,0,15,https://www.fifa.com/en/tournaments/mens/worldcup/canadamexicousa2026/statistics/player-statistics,2026-08-31
566,Mohamed Abdelmoneim,EGY,DF,0,0,15,https://www.fifa.com/en/tournaments/mens/worldcup/canadamexicousa2026/statistics/player-statistics,2026-08-31
567,Assane Diao,SEN,FW,0,0,16,https://www.fifa.com/en/tournaments/mens/worldcup/canadamexicousa2026/statistics/player-statistics,2026-08-31
568,Bamba Dieng,SEN,FW,0,0,16,https://www.fifa.com/en/tournaments/mens/worldcup/canadamexicousa2026/statistics/player-statistics,2026-08-31
569,Jamshid Iskanderov,UZB,MF,0,0,16,https://www.fifa.com/en/tournaments/mens/worldcup/canadamexicousa2026/statistics/player-statistics,2026-08-31
570,Noa Lang,NED,FW,0,0,17,https://www.fifa.com/en/tournaments/mens/worldcup/canadamexicousa2026/statistics/player-statistics,2026-08-31
571,Yuito Suzuki,JPN,MF,0,0,17,https://www.fifa.com/en/tournaments/mens/worldcup/canadamexicousa2026/statistics/player-statistics,2026-08-31
572,Jonathan Osorio,CAN,MF,0,0,17,https://www.fifa.com/en/tournaments/mens/worldcup/canadamexicousa2026/statistics/player-statistics,2026-08-31
573,Callan Elliot,NZL,DF,0,0,18,https://www.fifa.com/en/tournaments/mens/worldcup/canadamexicousa2026/statistics/player-statistics,2026-08-31
574,Alejandro Romero Gamarra,PAR,FW,0,0,18,https://www.fifa.com/en/tournaments/mens/worldcup/canadamexicousa2026/statistics/player-statistics,2026-08-31
575,Guillermo Ochoa,MEX,GK,0,0,18,https://www.fifa.com/en/tournaments/mens/worldcup/canadamexicousa2026/statistics/player-statistics,2026-08-31
576,Alexis Vega,MEX,FW,0,0,18,https://www.fifa.com/en/tournaments/mens/worldcup/canadamexicousa2026/statistics/player-statistics,2026-08-31
577,Themba Zwane,RSA,MF,0,0,19,https://www.fifa.com/en/tournaments/mens/worldcup/canadamexicousa2026/statistics/player-statistics,2026-08-31
578,Jean Michael Seri,CIV,MF,0,0,19,https://www.fifa.com/en/tournaments/mens/worldcup/canadamexicousa2026/statistics/player-statistics,2026-08-31
579,David Zima,CZE,DF,0,0,19,https://www.fifa.com/en/tournaments/mens/worldcup/canadamexicousa2026/statistics/player-statistics,2026-08-31
580,Amer Jamous,JOR,MF,0,0,19,https://www.fifa.com/en/tournaments/mens/worldcup/canadamexicousa2026/statistics/player-statistics,2026-08-31
581,Ramon Sosa,PAR,MF,0,0,19,https://www.fifa.com/en/tournaments/mens/worldcup/canadamexicousa2026/statistics/player-statistics,2026-08-31
582,Tyrese Noslin,CUW,FW,0,0,19,https://www.fifa.com/en/tournaments/mens/worldcup/canadamexicousa2026/statistics/player-statistics,2026-08-31
583,Mohanad Ali,IRQ,FW,0,0,20,https://www.fifa.com/en/tournaments/mens/worldcup/canadamexicousa2026/statistics/player-statistics,2026-08-31
584,Roshon Van Eijma,CUW,DF,0,0,20,https://www.fifa.com/en/tournaments/mens/worldcup/canadamexicousa2026/statistics/player-statistics,2026-08-31
585,Kenji Gorre,CUW,FW,0,0,20,https://www.fifa.com/en/tournaments/mens/worldcup/canadamexicousa2026/statistics/player-statistics,2026-08-31
586,Kendry Paez,ECU,MF,0,0,20,https://www.fifa.com/en/tournaments/mens/worldcup/canadamexicousa2026/statistics/player-statistics,2026-08-31
587,Findlay Curtis,SCO,FW,0,0,21,https://www.fifa.com/en/tournaments/mens/worldcup/canadamexicousa2026/statistics/player-statistics,2026-08-31
588,Armando Gonzalez,MEX,FW,0,0,21,https://www.fifa.com/en/tournaments/mens/worldcup/canadamexicousa2026/statistics/player-statistics,2026-08-31
589,Alphonso Davies,CAN,DF,0,0,22,https://www.fifa.com/en/tournaments/mens/worldcup/canadamexicousa2026/statistics/player-statistics,2026-08-31
590,Saed Alrosan,JOR,DF,0,0,22,https://www.fifa.com/en/tournaments/mens/worldcup/canadamexicousa2026/statistics/player-statistics,2026-08-31
592,Alex Zendejas,USA,FW,0,0,22,https://www.fifa.com/en/tournaments/mens/worldcup/canadamexicousa2026/statistics/player-statistics,2026-08-31
593,Zakaria El Ouahdi,MAR,DF,0,0,22,https://www.fifa.com/en/tournaments/mens/worldcup/canadamexicousa2026/statistics/player-statistics,2026-08-31
594,Simon Adingra,CIV,FW,0,0,22,https://www.fifa.com/en/tournaments/mens/worldcup/canadamexicousa2026/statistics/player-statistics,2026-08-31
595,Ken Sema,SWE,MF,0,0,22,https://www.fifa.com/en/tournaments/mens/worldcup/canadamexicousa2026/statistics/player-statistics,2026-08-31
596,Shuto Machino,JPN,FW,0,0,23,https://www.fifa.com/en/tournaments/mens/worldcup/canadamexicousa2026/statistics/player-statistics,2026-08-31
597,Luka Sucic,CRO,MF,0,0,23,https://www.fifa.com/en/tournaments/mens/worldcup/canadamexicousa2026/statistics/player-statistics,2026-08-31
598,Anthony Ralston,SCO,DF,0,0,23,https://www.fifa.com/en/tournaments/mens/worldcup/canadamexicousa2026/statistics/player-statistics,2026-08-31
599,Azizbek Amonov,UZB,FW,0,0,23,https://www.fifa.com/en/tournaments/mens/worldcup/canadamexicousa2026/statistics/player-statistics,2026-08-31
600,Pascal Gross,GER,MF,0,0,24,https://www.fifa.com/en/tournaments/mens/worldcup/canadamexicousa2026/statistics/player-statistics,2026-08-31
601,Valentin Barco,ARG,MF,0,0,24,https://www.fifa.com/en/tournaments/mens/worldcup/canadamexicousa2026/statistics/player-statistics,2026-08-31
602,Aimar Sher,IRQ,MF,0,0,24,https://www.fifa.com/en/tournaments/mens/worldcup/canadamexicousa2026/statistics/player-statistics,2026-08-31
603,Mustafa Saadoon,IRQ,DF,0,0,24,https://www.fifa.com/en/tournaments/mens/worldcup/canadamexicousa2026/statistics/player-statistics,2026-08-31
604,Almoez Ali,QAT,FW,0,0,24,https://www.fifa.com/en/tournaments/mens/worldcup/canadamexicousa2026/statistics/player-statistics,2026-08-31
605,Yang Hyunjun,KOR,MF,0,0,25,https://www.fifa.com/en/tournaments/mens/worldcup/canadamexicousa2026/statistics/player-statistics,2026-08-31
606,Haris Tabakovic,BIH,FW,0,0,25,https://www.fifa.com/en/tournaments/mens/worldcup/canadamexicousa2026/statistics/player-statistics,2026-08-31
607,Noah Okafor,SUI,FW,0,0,25,https://www.fifa.com/en/tournaments/mens/worldcup/canadamexicousa2026/statistics/player-statistics,2026-08-31
608,Samir Chergui,ALG,DF,0,0,25,https://www.fifa.com/en/tournaments/mens/worldcup/canadamexicousa2026/statistics/player-statistics,2026-08-31
609,Samu Costa,POR,DF,0,0,26,https://www.fifa.com/en/tournaments/mens/worldcup/canadamexicousa2026/statistics/player-statistics,2026-08-31
610,Senne Lammens,BEL,GK,0,0,26,https://www.fifa.com/en/tournaments/mens/worldcup/canadamexicousa2026/statistics/player-statistics,2026-08-31
611,Amirhossein Hosseinzadeh,IRN,FW,0,0,26,https://www.fifa.com/en/tournaments/mens/worldcup/canadamexicousa2026/statistics/player-statistics,2026-08-31
612,Dzenis Burnic,BIH,MF,0,0,27,https://www.fifa.com/en/tournaments/mens/worldcup/canadamexicousa2026/statistics/player-statistics,2026-08-31
613,Evann Guessand,CIV,FW,0,0,27,https://www.fifa.com/en/tournaments/mens/worldcup/canadamexicousa2026/statistics/player-statistics,2026-08-31
614,Mortadha Ben Ouanes,TUN,DF,0,0,27,https://www.fifa.com/en/tournaments/mens/worldcup/canadamexicousa2026/statistics/player-statistics,2026-08-31
615,Kevin Castano,COL,MF,0,0,28,https://www.fifa.com/en/tournaments/mens/worldcup/canadamexicousa2026/statistics/player-statistics,2026-08-31
616,Adil Boulbina,ALG,FW,0,0,28,https://www.fifa.com/en/tournaments/mens/worldcup/canadamexicousa2026/statistics/player-statistics,2026-08-31
617,Braian Ojeda,PAR,MF,0,0,28,https://www.fifa.com/en/tournaments/mens/worldcup/canadamexicousa2026/statistics/player-statistics,2026-08-31
618,Sondre Langas,NOR,DF,0,0,29,https://www.fifa.com/en/tournaments/mens/worldcup/canadamexicousa2026/statistics/player-statistics,2026-08-31
619,Kevin Yakob,IRQ,MF,0,0,29,https://www.fifa.com/en/tournaments/mens/worldcup/canadamexicousa2026/statistics/player-statistics,2026-08-31
620,Eric Garcia,ESP,DF,0,0,29,https://www.fifa.com/en/tournaments/mens/worldcup/canadamexicousa2026/statistics/player-statistics,2026-08-31
621,Mehdi Torabi,IRN,MF,0,0,29,https://www.fifa.com/en/tournaments/mens/worldcup/canadamexicousa2026/statistics/player-statistics,2026-08-31
622,Martin Zubimendi,ESP,MF,0,0,29,https://www.fifa.com/en/tournaments/mens/worldcup/canadamexicousa2026/statistics/player-statistics,2026-08-31
623,Marco Friedl,AUT,DF,0,0,30,https://www.fifa.com/en/tournaments/mens/worldcup/canadamexicousa2026/statistics/player-statistics,2026-08-31
627,Awer Mabil,AUS,FW,0,0,31,https://www.fifa.com/en/tournaments/mens/worldcup/canadamexicousa2026/statistics/player-statistics,2026-08-31
628,Luis Chavez,MEX,MF,0,0,31,https://www.fifa.com/en/tournaments/mens/worldcup/canadamexicousa2026/statistics/player-statistics,2026-08-31
629,Mohamed Amoura,ALG,FW,0,0,31,https://www.fifa.com/en/tournaments/mens/worldcup/canadamexicousa2026/statistics/player-statistics,2026-08-31
630,Duckens Nazon,HAI,FW,0,0,31,https://www.fifa.com/en/tournaments/mens/worldcup/canadamexicousa2026/statistics/player-statistics,2026-08-31
631,Francis De Vries,NZL,DF,0,0,32,https://www.fifa.com/en/tournaments/mens/worldcup/canadamexicousa2026/statistics/player-statistics,2026-08-31
632,Francisco Trincao,POR,FW,0,0,32,https://www.fifa.com/en/tournaments/mens/worldcup/canadamexicousa2026/statistics/player-statistics,2026-08-31
633,Justin Kluivert,NED,MF,0,0,32,https://www.fifa.com/en/tournaments/mens/worldcup/canadamexicousa2026/statistics/player-statistics,2026-08-31
635,Youssef Amyn,IRQ,MF,0,0,32,https://www.fifa.com/en/tournaments/mens/worldcup/canadamexicousa2026/statistics/player-statistics,2026-08-31
636,Maximilian Beier,GER,FW,0,0,33,https://www.fifa.com/en/tournaments/mens/worldcup/canadamexicousa2026/statistics/player-statistics,2026-08-31
639,Tete Yengi,AUS,FW,0,0,33,https://www.fifa.com/en/tournaments/mens/worldcup/canadamexicousa2026/statistics/player-statistics,2026-08-31
640,Ayoube Amaimouni,MAR,FW,0,0,33,https://www.fifa.com/en/tournaments/mens/worldcup/canadamexicousa2026/statistics/player-statistics,2026-08-31
641,Samed Bazdar,BIH,FW,0,0,35,https://www.fifa.com/en/tournaments/mens/worldcup/canadamexicousa2026/statistics/player-statistics,2026-08-31
642,Guus Til,NED,MF,0,0,36,https://www.fifa.com/en/tournaments/mens/worldcup/canadamexicousa2026/statistics/player-statistics,2026-08-31
643,Bara Sapoko Ndiaye,SEN,MF,0,0,36,https://www.fifa.com/en/tournaments/mens/worldcup/canadamexicousa2026/statistics/player-statistics,2026-08-31
644,Jackson Porozo,ECU,DF,0,0,36,https://www.fifa.com/en/tournaments/mens/worldcup/canadamexicousa2026/statistics/player-statistics,2026-08-31
645,Joaquin Seys,BEL,DF,0,0,36,https://www.fifa.com/en/tournaments/mens/worldcup/canadamexicousa2026/statistics/player-statistics,2026-08-31
646,Jamie Leweling,GER,MF,0,0,37,https://www.fifa.com/en/tournaments/mens/worldcup/canadamexicousa2026/statistics/player-statistics,2026-08-31
647,Jean Philippe Mateta,FRA,FW,0,0,38,https://www.fifa.com/en/tournaments/mens/worldcup/canadamexicousa2026/statistics/player-statistics,2026-08-31
648,Ederson Silva,BRA,MF,0,0,38,https://www.fifa.com/en/tournaments/mens/worldcup/canadamexicousa2026/statistics/player-statistics,2026-08-31
649,Zineddine Belaid,ALG,DF,0,0,38,https://www.fifa.com/en/tournaments/mens/worldcup/canadamexicousa2026/statistics/player-statistics,2026-08-31
651,Ali Yousif,IRQ,FW,0,0,38,https://www.fifa.com/en/tournaments/mens/worldcup/canadamexicousa2026/statistics/player-statistics,2026-08-31
652,Luiz Henrique,BRA,FW,0,0,38,https://www.fifa.com/en/tournaments/mens/worldcup/canadamexicousa2026/statistics/player-statistics,2026-08-31
653,Ahmed Maknazi,IRQ,DF,0,0,38,https://www.fifa.com/en/tournaments/mens/worldcup/canadamexicousa2026/statistics/player-statistics,2026-08-31
654,Eray Coemert,SUI,DF,0,0,39,https://www.fifa.com/en/tournaments/mens/worldcup/canadamexicousa2026/statistics/player-statistics,2026-08-31
655,Patrick Wimmer,AUT,FW,0,0,39,https://www.fifa.com/en/tournaments/mens/worldcup/canadamexicousa2026/statistics/player-statistics,2026-08-31
656,Jordy Caicedo,ECU,FW,0,0,40,https://www.fifa.com/en/tournaments/mens/worldcup/canadamexicousa2026/statistics/player-statistics,2026-08-31
657,Oumar Diakite,CIV,FW,0,0,40,https://www.fifa.com/en/tournaments/mens/worldcup/canadamexicousa2026/statistics/player-statistics,2026-08-31
658,Ahmed Alganehi,QAT,MF,0,0,41,https://www.fifa.com/en/tournaments/mens/worldcup/canadamexicousa2026/statistics/player-statistics,2026-08-31
659,Alhashmi Alhussein,QAT,DF,0,0,41,https://www.fifa.com/en/tournaments/mens/worldcup/canadamexicousa2026/statistics/player-statistics,2026-08-31
660,Alexander Prass,AUT,MF,0,0,41,https://www.fifa.com/en/tournaments/mens/worldcup/canadamexicousa2026/statistics/player-statistics,2026-08-31
662,Cho Guesung,KOR,FW,0,0,41,https://www.fifa.com/en/tournaments/mens/worldcup/canadamexicousa2026/statistics/player-statistics,2026-08-31
664,Rebin Sulaka,IRQ,DF,0,0,41,https://www.fifa.com/en/tournaments/mens/worldcup/canadamexicousa2026/statistics/player-statistics,2026-08-31
666,Ali Alipour,IRN,FW,0,0,42,https://www.fifa.com/en/tournaments/mens/worldcup/canadamexicousa2026/statistics/player-statistics,2026-08-31
667,Axel Witsel,BEL,MF,0,0,42,https://www.fifa.com/en/tournaments/mens/worldcup/canadamexicousa2026/statistics/player-statistics,2026-08-31
668,Jorrel Hato,NED,DF,0,0,43,https://www.fifa.com/en/tournaments/mens/worldcup/canadamexicousa2026/statistics/player-statistics,2026-08-31
669,Tomas Chory,CZE,FW,0,0,43,https://www.fifa.com/en/tournaments/mens/worldcup/canadamexicousa2026/statistics/player-statistics,2026-08-31
670,Saleem Obaid,JOR,DF,0,0,43,https://www.fifa.com/en/tournaments/mens/worldcup/canadamexicousa2026/statistics/player-statistics,2026-08-31
671,Ala Alhajji,KSA,MF,0,0,43,https://www.fifa.com/en/tournaments/mens/worldcup/canadamexicousa2026/statistics/player-statistics,2026-08-31
672,Park Jinseob,KOR,DF,0,0,44,https://www.fifa.com/en/tournaments/mens/worldcup/canadamexicousa2026/statistics/player-statistics,2026-08-31
673,Nick Woltemade,GER,FW,0,0,44,https://www.fifa.com/en/tournaments/mens/worldcup/canadamexicousa2026/statistics/player-statistics,2026-08-31
674,Gervane Kastaneer,CUW,FW,0,0,45,https://www.fifa.com/en/tournaments/mens/worldcup/canadamexicousa2026/statistics/player-statistics,2026-08-31
675,Charles Pickel,COD,MF,0,0,45,https://www.fifa.com/en/tournaments/mens/worldcup/canadamexicousa2026/statistics/player-statistics,2026-08-31
677,Orbelin Pineda,MEX,MF,0,0,45,https://www.fifa.com/en/tournaments/mens/worldcup/canadamexicousa2026/statistics/player-statistics,2026-08-31
678,Taha Ali,SWE,FW,0,0,46,https://www.fifa.com/en/tournaments/mens/worldcup/canadamexicousa2026/statistics/player-statistics,2026-08-31
679,Igor Sergeev,UZB,FW,0,0,46,https://www.fifa.com/en/tournaments/mens/worldcup/canadamexicousa2026/statistics/player-statistics,2026-08-31
681,Theo Bongonda,COD,MF,0,0,47,https://www.fifa.com/en/tournaments/mens/worldcup/canadamexicousa2026/statistics/player-statistics,2026-08-31
682,Roger Ibanez,BRA,DF,0,0,49,https://www.fifa.com/en/tournaments/mens/worldcup/canadamexicousa2026/statistics/player-statistics,2026-08-31
683,Dylan Bronn,TUN,DF,0,0,49,https://www.fifa.com/en/tournaments/mens/worldcup/canadamexicousa2026/statistics/player-statistics,2026-08-31
684,Simon Banza,COD,FW,0,0,49,https://www.fifa.com/en/tournaments/mens/worldcup/canadamexicousa2026/statistics/player-statistics,2026-08-31
685,Lyndon Dykes,SCO,FW,0,0,49,https://www.fifa.com/en/tournaments/mens/worldcup/canadamexicousa2026/statistics/player-statistics,2026-08-31
686,Matias Vina,URU,DF,0,0,49,https://www.fifa.com/en/tournaments/mens/worldcup/canadamexicousa2026/statistics/player-statistics,2026-08-31
687,Jordy Alcivar,ECU,MF,0,0,49,https://www.fifa.com/en/tournaments/mens/worldcup/canadamexicousa2026/statistics/player-statistics,2026-08-31
688,Morten Thorsby,NOR,MF,0,0,50,https://www.fifa.com/en/tournaments/mens/worldcup/canadamexicousa2026/statistics/player-statistics,2026-08-31
689,Sontje Hansen,CUW,FW,0,0,50,https://www.fifa.com/en/tournaments/mens/worldcup/canadamexicousa2026/statistics/player-statistics,2026-08-31
690,Fredrik Andre Bjorkan,NOR,DF,0,0,50,https://www.fifa.com/en/tournaments/mens/worldcup/canadamexicousa2026/statistics/player-statistics,2026-08-31
691,Malick Thiaw,GER,DF,0,0,50,https://www.fifa.com/en/tournaments/mens/worldcup/canadamexicousa2026/statistics/player-statistics,2026-08-31
692,Mehdi Ghayedi,IRN,FW,0,0,50,https://www.fifa.com/en/tournaments/mens/worldcup/canadamexicousa2026/statistics/player-statistics,2026-08-31
694,Deniz Gul,TUR,FW,0,0,50,https://www.fifa.com/en/tournaments/mens/worldcup/canadamexicousa2026/statistics/player-statistics,2026-08-31
695,Jearl Margaritha,CUW,FW,0,0,50,https://www.fifa.com/en/tournaments/mens/worldcup/canadamexicousa2026/statistics/player-statistics,2026-08-31
696,Castrop Jens,KOR,DF,0,0,51,https://www.fifa.com/en/tournaments/mens/worldcup/canadamexicousa2026/statistics/player-statistics,2026-08-31
698,Abdulaziz Hatem,QAT,MF,0,0,51,https://www.fifa.com/en/tournaments/mens/worldcup/canadamexicousa2026/statistics/player-statistics,2026-08-31
699,Arya Yousefi,IRN,DF,0,0,51,https://www.fifa.com/en/tournaments/mens/worldcup/canadamexicousa2026/statistics/player-statistics,2026-08-31
700,Sergio Rochet,URU,GK,0,0,51,https://www.fifa.com/en/tournaments/mens/worldcup/canadamexicousa2026/statistics/player-statistics,2026-08-31
701,Angelo Stiller,GER,MF,0,0,52,https://www.fifa.com/en/tournaments/mens/worldcup/canadamexicousa2026/statistics/player-statistics,2026-08-31
702,Ismael Diaz,PAN,MF,0,0,52,https://www.fifa.com/en/tournaments/mens/worldcup/canadamexicousa2026/statistics/player-statistics,2026-08-31
703,Mohamed Hadj Mahmoud,TUN,MF,0,0,52,https://www.fifa.com/en/tournaments/mens/worldcup/canadamexicousa2026/statistics/player-statistics,2026-08-31
704,Tomas Rodriguez,PAN,FW,0,0,53,https://www.fifa.com/en/tournaments/mens/worldcup/canadamexicousa2026/statistics/player-statistics,2026-08-31
705,Eom Jisung,KOR,MF,0,0,53,https://www.fifa.com/en/tournaments/mens/worldcup/canadamexicousa2026/statistics/player-statistics,2026-08-31
706,Yaimar Medina,ECU,DF,0,0,53,https://www.fifa.com/en/tournaments/mens/worldcup/canadamexicousa2026/statistics/player-statistics,2026-08-31
707,Isidro Pitta,PAR,FW,0,0,55,https://www.fifa.com/en/tournaments/mens/worldcup/canadamexicousa2026/statistics/player-statistics,2026-08-31
708,Can Uzun,TUR,FW,0,0,55,https://www.fifa.com/en/tournaments/mens/worldcup/canadamexicousa2026/statistics/player-statistics,2026-08-31
709,Ahmed Alaaeldin,QAT,FW,0,0,55,https://www.fifa.com/en/tournaments/mens/worldcup/canadamexicousa2026/statistics/player-statistics,2026-08-31
710,Farrukh Sayfiev,UZB,DF,0,0,55,https://www.fifa.com/en/tournaments/mens/worldcup/canadamexicousa2026/statistics/player-statistics,2026-08-31
711,Matias Fernandez Pardo,BEL,FW,0,0,57,https://www.fifa.com/en/tournaments/mens/worldcup/canadamexicousa2026/statistics/player-statistics,2026-08-31
712,Junnosuke Suzuki,JPN,DF,0,0,58,https://www.fifa.com/en/tournaments/mens/worldcup/canadamexicousa2026/statistics/player-statistics,2026-08-31
713,Wout Weghorst,NED,FW,0,0,58,https://www.fifa.com/en/tournaments/mens/worldcup/canadamexicousa2026/statistics/player-statistics,2026-08-31
714,Vladimir Darida,CZE,MF,0,0,58,https://www.fifa.com/en/tournaments/mens/worldcup/canadamexicousa2026/statistics/player-statistics,2026-08-31
715,Alireza Jahanbakhsh,IRN,MF,0,0,58,https://www.fifa.com/en/tournaments/mens/worldcup/canadamexicousa2026/statistics/player-statistics,2026-08-31
716,Elias Achouri,TUN,FW,0,0,58,https://www.fifa.com/en/tournaments/mens/worldcup/canadamexicousa2026/statistics/player-statistics,2026-08-31
717,Dan Burn,ENG,DF,0,0,59,https://www.fifa.com/en/tournaments/mens/worldcup/canadamexicousa2026/statistics/player-statistics,2026-08-31
718,Denis Visinsky,CZE,FW,0,0,59,https://www.fifa.com/en/tournaments/mens/worldcup/canadamexicousa2026/statistics/player-statistics,2026-08-31
719,Alan Minda,ECU,MF,0,0,59,https://www.fifa.com/en/tournaments/mens/worldcup/canadamexicousa2026/statistics/player-statistics,2026-08-31
720,Lyle Foster,RSA,FW,0,0,59,https://www.fifa.com/en/tournaments/mens/worldcup/canadamexicousa2026/statistics/player-statistics,2026-08-31
721,Kojo Peprah Oppong,GHA,DF,0,0,61,https://www.fifa.com/en/tournaments/mens/worldcup/canadamexicousa2026/statistics/player-statistics,2026-08-31
722,Mathieu Choiniere,CAN,MF,0,0,61,https://www.fifa.com/en/tournaments/mens/worldcup/canadamexicousa2026/statistics/player-statistics,2026-08-31
723,Brian Rodriguez,URU,FW,0,0,61,https://www.fifa.com/en/tournaments/mens/worldcup/canadamexicousa2026/statistics/player-statistics,2026-08-31
724,Cedric Itten,SUI,FW,0,0,62,https://www.fifa.com/en/tournaments/mens/worldcup/canadamexicousa2026/statistics/player-statistics,2026-08-31
725,Prince Adu,GHA,FW,0,0,62,https://www.fifa.com/en/tournaments/mens/worldcup/canadamexicousa2026/statistics/player-statistics,2026-08-31
726,Marko Farji,IRQ,FW,0,0,62,https://www.fifa.com/en/tournaments/mens/worldcup/canadamexicousa2026/statistics/player-statistics,2026-08-31
727,Kim Jingyu,KOR,MF,0,0,64,https://www.fifa.com/en/tournaments/mens/worldcup/canadamexicousa2026/statistics/player-statistics,2026-08-31
728,Alex Arce,PAR,FW,0,0,64,https://www.fifa.com/en/tournaments/mens/worldcup/canadamexicousa2026/statistics/player-statistics,2026-08-31
729,Igor Thiago,BRA,FW,0,0,65,https://www.fifa.com/en/tournaments/mens/worldcup/canadamexicousa2026/statistics/player-statistics,2026-08-31
730,Ollie Watkins,ENG,FW,0,0,65,https://www.fifa.com/en/tournaments/mens/worldcup/canadamexicousa2026/statistics/player-statistics,2026-08-31
731,Firas Chaouat,TUN,FW,0,0,66,https://www.fifa.com/en/tournaments/mens/worldcup/canadamexicousa2026/statistics/player-statistics,2026-08-31
732,Waldemar Anton,GER,DF,0,0,66,https://www.fifa.com/en/tournaments/mens/worldcup/canadamexicousa2026/statistics/player-statistics,2026-08-31
733,Mathew Leckie,AUS,FW,0,0,67,https://www.fifa.com/en/tournaments/mens/worldcup/canadamexicousa2026/statistics/player-statistics,2026-08-31
734,Dominique Simon,HAI,MF,0,0,68,https://www.fifa.com/en/tournaments/mens/worldcup/canadamexicousa2026/statistics/player-statistics,2026-08-31
735,Quinten Timber,NED,MF,0,0,68,https://www.fifa.com/en/tournaments/mens/worldcup/canadamexicousa2026/statistics/player-statistics,2026-08-31
736,Besfort Zeneli,SWE,MF,0,0,69,https://www.fifa.com/en/tournaments/mens/worldcup/canadamexicousa2026/statistics/player-statistics,2026-08-31
737,Ibrahima Konate,FRA,DF,0,0,69,https://www.fifa.com/en/tournaments/mens/worldcup/canadamexicousa2026/statistics/player-statistics,2026-08-31
738,Alexandro Maidana,PAR,DF,0,0,69,https://www.fifa.com/en/tournaments/mens/worldcup/canadamexicousa2026/statistics/player-statistics,2026-08-31
739,Joris Kayembe,COD,DF,0,0,69,https://www.fifa.com/en/tournaments/mens/worldcup/canadamexicousa2026/statistics/player-statistics,2026-08-31
740,Telmo Arcanjo,CPV,MF,0,0,69,https://www.fifa.com/en/tournaments/mens/worldcup/canadamexicousa2026/statistics/player-statistics,2026-08-31
742,Sultan Mandash,KSA,FW,0,0,71,https://www.fifa.com/en/tournaments/mens/worldcup/canadamexicousa2026/statistics/player-statistics,2026-08-31
743,Henrik Falchener,NOR,DF,0,0,71,https://www.fifa.com/en/tournaments/mens/worldcup/canadamexicousa2026/statistics/player-statistics,2026-08-31
744,Luka Vuskovic,CRO,DF,0,0,71,https://www.fifa.com/en/tournaments/mens/worldcup/canadamexicousa2026/statistics/player-statistics,2026-08-31
747,Danilo Santos,BRA,MF,0,0,73,https://www.fifa.com/en/tournaments/mens/worldcup/canadamexicousa2026/statistics/player-statistics,2026-08-31
748,Hossam Abdelmaguid,EGY,DF,0,0,73,https://www.fifa.com/en/tournaments/mens/worldcup/canadamexicousa2026/statistics/player-statistics,2026-08-31
749,Kim Moonhwan,KOR,DF,0,0,74,https://www.fifa.com/en/tournaments/mens/worldcup/canadamexicousa2026/statistics/player-statistics,2026-08-31
750,Ayoub El Kaabi,MAR,FW,0,0,74,https://www.fifa.com/en/tournaments/mens/worldcup/canadamexicousa2026/statistics/player-statistics,2026-08-31
751,Mohammad Abualnadi,JOR,DF,0,0,75,https://www.fifa.com/en/tournaments/mens/worldcup/canadamexicousa2026/statistics/player-statistics,2026-08-31
752,Kristian Thorstvedt,NOR,MF,0,0,75,https://www.fifa.com/en/tournaments/mens/worldcup/canadamexicousa2026/statistics/player-statistics,2026-08-31
753,Jason Geria,AUS,DF,0,0,75,https://www.fifa.com/en/tournaments/mens/worldcup/canadamexicousa2026/statistics/player-statistics,2026-08-31
755,Oston Urunov,UZB,MF,0,0,75,https://www.fifa.com/en/tournaments/mens/worldcup/canadamexicousa2026/statistics/player-statistics,2026-08-31
756,Ruben Neves,POR,MF,0,0,76,https://www.fifa.com/en/tournaments/mens/worldcup/canadamexicousa2026/statistics/player-statistics,2026-08-31
757,Azarias Londono,PAN,FW,0,0,76,https://www.fifa.com/en/tournaments/mens/worldcup/canadamexicousa2026/statistics/player-statistics,2026-08-31
758,Diego Moreira,BEL,MF,0,0,76,https://www.fifa.com/en/tournaments/mens/worldcup/canadamexicousa2026/statistics/player-statistics,2026-08-31
759,Ali Azaizeh,JOR,FW,0,0,78,https://www.fifa.com/en/tournaments/mens/worldcup/canadamexicousa2026/statistics/player-statistics,2026-08-31
760,Diogo Dalot,POR,DF,0,0,78,https://www.fifa.com/en/tournaments/mens/worldcup/canadamexicousa2026/statistics/player-statistics,2026-08-31
761,Aaron Hickey,SCO,DF,0,0,79,https://www.fifa.com/en/tournaments/mens/worldcup/canadamexicousa2026/statistics/player-statistics,2026-08-31
762,Jesse Randall,NZL,FW,0,0,79,https://www.fifa.com/en/tournaments/mens/worldcup/canadamexicousa2026/statistics/player-statistics,2026-08-31
765,Kai Trewin,AUS,DF,0,0,81,https://www.fifa.com/en/tournaments/mens/worldcup/canadamexicousa2026/statistics/player-statistics,2026-08-31
766,Nico Paz,ARG,FW,0,0,81,https://www.fifa.com/en/tournaments/mens/worldcup/canadamexicousa2026/statistics/player-statistics,2026-08-31
767,Andrej Kramaric,CRO,FW,0,0,81,https://www.fifa.com/en/tournaments/mens/worldcup/canadamexicousa2026/statistics/player-statistics,2026-08-31
768,Brenden Aaronson,USA,FW,0,0,82,https://www.fifa.com/en/tournaments/mens/worldcup/canadamexicousa2026/statistics/player-statistics,2026-08-31
769,Hamza Abdelkarim,EGY,FW,0,0,83,https://www.fifa.com/en/tournaments/mens/worldcup/canadamexicousa2026/statistics/player-statistics,2026-08-31
770,Yeremy Pino,ESP,FW,0,0,83,https://www.fifa.com/en/tournaments/mens/worldcup/canadamexicousa2026/statistics/player-statistics,2026-08-31
771,Zizo,EGY,FW,0,0,84,https://www.fifa.com/en/tournaments/mens/worldcup/canadamexicousa2026/statistics/player-statistics,2026-08-31
772,Jeremy Antonisse,CUW,FW,0,0,85,https://www.fifa.com/en/tournaments/mens/worldcup/canadamexicousa2026/statistics/player-statistics,2026-08-31
774,Gavi,ESP,MF,0,0,85,https://www.fifa.com/en/tournaments/mens/worldcup/canadamexicousa2026/statistics/player-statistics,2026-08-31
775,Cecilio Waterman,PAN,FW,0,0,85,https://www.fifa.com/en/tournaments/mens/worldcup/canadamexicousa2026/statistics/player-statistics,2026-08-31
776,Obed Vargas,MEX,MF,0,0,85,https://www.fifa.com/en/tournaments/mens/worldcup/canadamexicousa2026/statistics/player-statistics,2026-08-31
780,Ardon Jashari,SUI,MF,0,0,87,https://www.fifa.com/en/tournaments/mens/worldcup/canadamexicousa2026/statistics/player-statistics,2026-08-31
781,Guillermo Martinez,MEX,FW,0,0,87,https://www.fifa.com/en/tournaments/mens/worldcup/canadamexicousa2026/statistics/player-statistics,2026-08-31
782,Nishan Velupillay,AUS,FW,0,0,88,https://www.fifa.com/en/tournaments/mens/worldcup/canadamexicousa2026/statistics/player-statistics,2026-08-31
784,Abdullah Alhamddan,KSA,FW,0,0,88,https://www.fifa.com/en/tournaments/mens/worldcup/canadamexicousa2026/statistics/player-statistics,2026-08-31
785,Munaf Younus,IRQ,DF,0,0,89,https://www.fifa.com/en/tournaments/mens/worldcup/canadamexicousa2026/statistics/player-statistics,2026-08-31
786,Luca Jaquez,SUI,DF,0,0,89,https://www.fifa.com/en/tournaments/mens/worldcup/canadamexicousa2026/statistics/player-statistics,2026-08-31
787,Santiago Arias,COL,DF,0,0,89,https://www.fifa.com/en/tournaments/mens/worldcup/canadamexicousa2026/statistics/player-statistics,2026-08-31
788,Ivan Toney,ENG,FW,0,0,89,https://www.fifa.com/en/tournaments/mens/worldcup/canadamexicousa2026/statistics/player-statistics,2026-08-31
789,Timothy Weah,USA,FW,0,0,90,https://www.fifa.com/en/tournaments/mens/worldcup/canadamexicousa2026/statistics/player-statistics,2026-08-31
791,Garry Rodrigues,CPV,MF,0,0,90,https://www.fifa.com/en/tournaments/mens/worldcup/canadamexicousa2026/statistics/player-statistics,2026-08-31
792,Jorge Gutierrez,PAN,DF,0,0,90,https://www.fifa.com/en/tournaments/mens/worldcup/canadamexicousa2026/statistics/player-statistics,2026-08-31
793,Ajdin Hrustic,AUS,FW,0,0,90,https://www.fifa.com/en/tournaments/mens/worldcup/canadamexicousa2026/statistics/player-statistics,2026-08-31
794,Odiljon Xamrobekov,UZB,MF,0,0,90,https://www.fifa.com/en/tournaments/mens/worldcup/canadamexicousa2026/statistics/player-statistics,2026-08-31
795,Mohamed Manai,QAT,FW,0,0,91,https://www.fifa.com/en/tournaments/mens/worldcup/canadamexicousa2026/statistics/player-statistics,2026-08-31
796,Alidu Seidu,GHA,DF,0,0,92,https://www.fifa.com/en/tournaments/mens/worldcup/canadamexicousa2026/statistics/player-statistics,2026-08-31
797,Gilson Benchimol,CPV,FW,0,0,93,https://www.fifa.com/en/tournaments/mens/worldcup/canadamexicousa2026/statistics/player-statistics,2026-08-31
800,Bazoumana Toure,CIV,FW,0,0,94,https://www.fifa.com/en/tournaments/mens/worldcup/canadamexicousa2026/statistics/player-statistics,2026-08-31
801,Pape Matar Sarr,SEN,MF,0,0,94,https://www.fifa.com/en/tournaments/mens/worldcup/canadamexicousa2026/statistics/player-statistics,2026-08-31
802,Antonio Sanabria,PAR,FW,0,0,95,https://www.fifa.com/en/tournaments/mens/worldcup/canadamexicousa2026/statistics/player-statistics,2026-08-31
803,Fabinho,BRA,MF,0,0,95,https://www.fifa.com/en/tournaments/mens/worldcup/canadamexicousa2026/statistics/player-statistics,2026-08-31
804,Armin Gigovic,BIH,MF,0,0,95,https://www.fifa.com/en/tournaments/mens/worldcup/canadamexicousa2026/statistics/player-statistics,2026-08-31
806,Oguz Aydin,TUR,FW,0,0,97,https://www.fifa.com/en/tournaments/mens/worldcup/canadamexicousa2026/statistics/player-statistics,2026-08-31
807,Ayumu Seko,JPN,DF,0,0,97,https://www.fifa.com/en/tournaments/mens/worldcup/canadamexicousa2026/statistics/player-statistics,2026-08-31
808,Sebastian Tounekti,TUN,MF,0,0,98,https://www.fifa.com/en/tournaments/mens/worldcup/canadamexicousa2026/statistics/player-statistics,2026-08-31
809,Fidel Escobar,PAN,DF,0,0,98,https://www.fifa.com/en/tournaments/mens/worldcup/canadamexicousa2026/statistics/player-statistics,2026-08-31
810,Deiver Machado,COL,DF,0,0,99,https://www.fifa.com/en/tournaments/mens/worldcup/canadamexicousa2026/statistics/player-statistics,2026-08-31
811,Wagner Pina,CPV,DF,0,0,99,https://www.fifa.com/en/tournaments/mens/worldcup/canadamexicousa2026/statistics/player-statistics,2026-08-31
812,Stepan Chaloupek,CZE,DF,0,0,99,https://www.fifa.com/en/tournaments/mens/worldcup/canadamexicousa2026/statistics/player-statistics,2026-08-31
813,Tsuyoshi Watanabe,JPN,DF,0,0,99,https://www.fifa.com/en/tournaments/mens/worldcup/canadamexicousa2026/statistics/player-statistics,2026-08-31
814,David Doudera,CZE,DF,0,0,100,https://www.fifa.com/en/tournaments/mens/worldcup/canadamexicousa2026/statistics/player-statistics,2026-08-31
815,Exequiel Palacios,ARG,MF,0,0,100,https://www.fifa.com/en/tournaments/mens/worldcup/canadamexicousa2026/statistics/player-statistics,2026-08-31
817,Egil Selvik,NOR,GK,0,0,100,https://www.fifa.com/en/tournaments/mens/worldcup/canadamexicousa2026/statistics/player-statistics,2026-08-31
818,Ousmane Diomande,CIV,DF,0,0,100,https://www.fifa.com/en/tournaments/mens/worldcup/canadamexicousa2026/statistics/player-statistics,2026-08-31
818,Christopher Operi,CIV,DF,0,0,100,https://www.fifa.com/en/tournaments/mens/worldcup/canadamexicousa2026/statistics/player-statistics,2026-08-31
820,Riechedly Bazoer,CUW,DF,0,0,100,https://www.fifa.com/en/tournaments/mens/worldcup/canadamexicousa2026/statistics/player-statistics,2026-08-31
821,Tomas Araujo,POR,DF,0,0,100,https://www.fifa.com/en/tournaments/mens/worldcup/canadamexicousa2026/statistics/player-statistics,2026-08-31
822,Mouhib Chamakh,TUN,GK,0,0,100,https://www.fifa.com/en/tournaments/mens/worldcup/canadamexicousa2026/statistics/player-statistics,2026-08-31
823,Joe Scally,USA,DF,0,0,100,https://www.fifa.com/en/tournaments/mens/worldcup/canadamexicousa2026/statistics/player-statistics,2026-08-31
824,Pervis Estupinan,ECU,DF,0,0,100,https://www.fifa.com/en/tournaments/mens/worldcup/canadamexicousa2026/statistics/player-statistics,2026-08-31
825,Oussama Benbot,ALG,GK,0,0,100,https://www.fifa.com/en/tournaments/mens/worldcup/canadamexicousa2026/statistics/player-statistics,2026-08-31
826,Nkosinathi Sibisi,RSA,DF,0,0,101,https://www.fifa.com/en/tournaments/mens/worldcup/canadamexicousa2026/statistics/player-statistics,2026-08-31
827,Zeki Amdouni,SUI,FW,0,0,101,https://www.fifa.com/en/tournaments/mens/worldcup/canadamexicousa2026/statistics/player-statistics,2026-08-31
828,Florian Grillitsch,AUT,MF,0,0,102,https://www.fifa.com/en/tournaments/mens/worldcup/canadamexicousa2026/statistics/player-statistics,2026-08-31
829,Dean Henderson,ENG,GK,0,0,102,https://www.fifa.com/en/tournaments/mens/worldcup/canadamexicousa2026/statistics/player-statistics,2026-08-31
830,Scott Mckenna,SCO,DF,0,0,102,https://www.fifa.com/en/tournaments/mens/worldcup/canadamexicousa2026/statistics/player-statistics,2026-08-31
831,Yunus Akgun,TUR,FW,0,0,103,https://www.fifa.com/en/tournaments/mens/worldcup/canadamexicousa2026/statistics/player-statistics,2026-08-31
832,Seko Fofana,CIV,MF,0,0,103,https://www.fifa.com/en/tournaments/mens/worldcup/canadamexicousa2026/statistics/player-statistics,2026-08-31
833,Ryan Thomas,NZL,MF,0,0,103,https://www.fifa.com/en/tournaments/mens/worldcup/canadamexicousa2026/statistics/player-statistics,2026-08-31
834,Ehsan Hajisafi,IRN,DF,0,0,104,https://www.fifa.com/en/tournaments/mens/worldcup/canadamexicousa2026/statistics/player-statistics,2026-08-31
835,Mohammad Ghorbani,IRN,MF,0,0,104,https://www.fifa.com/en/tournaments/mens/worldcup/canadamexicousa2026/statistics/player-statistics,2026-08-31
836,Nawaf Bu Washl,KSA,DF,0,0,104,https://www.fifa.com/en/tournaments/mens/worldcup/canadamexicousa2026/statistics/player-statistics,2026-08-31
837,Ozan Kabak,TUR,DF,0,0,104,https://www.fifa.com/en/tournaments/mens/worldcup/canadamexicousa2026/statistics/player-statistics,2026-08-31
837,Mark Mckenzie,USA,DF,0,0,104,https://www.fifa.com/en/tournaments/mens/worldcup/canadamexicousa2026/statistics/player-statistics,2026-08-31
837,Miles Robinson,USA,DF,0,0,104,https://www.fifa.com/en/tournaments/mens/worldcup/canadamexicousa2026/statistics/player-statistics,2026-08-31
837,Matt Turner,USA,GK,0,0,104,https://www.fifa.com/en/tournaments/mens/worldcup/canadamexicousa2026/statistics/player-statistics,2026-08-31
841,Frans Putros,IRQ,DF,0,0,105,https://www.fifa.com/en/tournaments/mens/worldcup/canadamexicousa2026/statistics/player-statistics,2026-08-31
842,Utkir Yusupov,UZB,GK,0,0,105,https://www.fifa.com/en/tournaments/mens/worldcup/canadamexicousa2026/statistics/player-statistics,2026-08-31
843,Yusuf Abdurisag,QAT,FW,0,0,105,https://www.fifa.com/en/tournaments/mens/worldcup/canadamexicousa2026/statistics/player-statistics,2026-08-31
844,Saleh Hardani,IRN,DF,0,0,107,https://www.fifa.com/en/tournaments/mens/worldcup/canadamexicousa2026/statistics/player-statistics,2026-08-31
845,Carney Chukwuemeka,AUT,MF,0,0,108,https://www.fifa.com/en/tournaments/mens/worldcup/canadamexicousa2026/statistics/player-statistics,2026-08-31
846,Shahriyar Moghanloo,IRN,FW,0,0,108,https://www.fifa.com/en/tournaments/mens/worldcup/canadamexicousa2026/statistics/player-statistics,2026-08-31
847,Jhon Cordoba,COL,FW,0,0,108,https://www.fifa.com/en/tournaments/mens/worldcup/canadamexicousa2026/statistics/player-statistics,2026-08-31
848,Jakhongir Urozov,UZB,DF,0,0,112,https://www.fifa.com/en/tournaments/mens/worldcup/canadamexicousa2026/statistics/player-statistics,2026-08-31
849,Ben Old,NZL,MF,0,0,112,https://www.fifa.com/en/tournaments/mens/worldcup/canadamexicousa2026/statistics/player-statistics,2026-08-31
850,Karim Boudiaf,QAT,MF,0,0,114,https://www.fifa.com/en/tournaments/mens/worldcup/canadamexicousa2026/statistics/player-statistics,2026-08-31
851,Ryan Christie,SCO,MF,0,0,114,https://www.fifa.com/en/tournaments/mens/worldcup/canadamexicousa2026/statistics/player-statistics,2026-08-31
852,Daniel Svensson,SWE,DF,0,0,114,https://www.fifa.com/en/tournaments/mens/worldcup/canadamexicousa2026/statistics/player-statistics,2026-08-31
853,Anis Hadj Moussa,ALG,FW,0,0,114,https://www.fifa.com/en/tournaments/mens/worldcup/canadamexicousa2026/statistics/player-statistics,2026-08-31
854,Marco Pasalic,CRO,FW,0,0,114,https://www.fifa.com/en/tournaments/mens/worldcup/canadamexicousa2026/statistics/player-statistics,2026-08-31
855,Miro Muheim,SUI,DF,0,0,115,https://www.fifa.com/en/tournaments/mens/worldcup/canadamexicousa2026/statistics/player-statistics,2026-08-31
856,Kieran Tierney,SCO,DF,0,0,115,https://www.fifa.com/en/tournaments/mens/worldcup/canadamexicousa2026/statistics/player-statistics,2026-08-31
857,Nicolas De La Cruz,URU,MF,0,0,115,https://www.fifa.com/en/tournaments/mens/worldcup/canadamexicousa2026/statistics/player-statistics,2026-08-31
858,Gustavo Caballero,PAR,MF,0,0,117,https://www.fifa.com/en/tournaments/mens/worldcup/canadamexicousa2026/statistics/player-statistics,2026-08-31
859,Jorgen Strand Larsen,NOR,FW,0,0,117,https://www.fifa.com/en/tournaments/mens/worldcup/canadamexicousa2026/statistics/player-statistics,2026-08-31
860,Santiago Gimenez,MEX,FW,0,0,117,https://www.fifa.com/en/tournaments/mens/worldcup/canadamexicousa2026/statistics/player-statistics,2026-08-31
861,Tyler Bindon,NZL,DF,0,0,120,https://www.fifa.com/en/tournaments/mens/worldcup/canadamexicousa2026/statistics/player-statistics,2026-08-31
862,Lee Taeseok,KOR,DF,0,0,120,https://www.fifa.com/en/tournaments/mens/worldcup/canadamexicousa2026/statistics/player-statistics,2026-08-31
863,Salih Ozcan,TUR,MF,0,0,120,https://www.fifa.com/en/tournaments/mens/worldcup/canadamexicousa2026/statistics/player-statistics,2026-08-31
864,Dostonbek Khamdamov,UZB,MF,0,0,120,https://www.fifa.com/en/tournaments/mens/worldcup/canadamexicousa2026/statistics/player-statistics,2026-08-31
865,Joao Paulo,CPV,MF,0,0,121,https://www.fifa.com/en/tournaments/mens/worldcup/canadamexicousa2026/statistics/player-statistics,2026-08-31
866,Samir El Mourabet,MAR,MF,0,0,121,https://www.fifa.com/en/tournaments/mens/worldcup/canadamexicousa2026/statistics/player-statistics,2026-08-31
867,Leon Goretzka,GER,MF,0,0,122,https://www.fifa.com/en/tournaments/mens/worldcup/canadamexicousa2026/statistics/player-statistics,2026-08-31
868,Hwang Heechan,KOR,MF,0,0,123,https://www.fifa.com/en/tournaments/mens/worldcup/canadamexicousa2026/statistics/player-statistics,2026-08-31
869,David Raum,GER,DF,0,0,123,https://www.fifa.com/en/tournaments/mens/worldcup/canadamexicousa2026/statistics/player-statistics,2026-08-31
870,Elias Saad,TUN,FW,0,0,124,https://www.fifa.com/en/tournaments/mens/worldcup/canadamexicousa2026/statistics/player-statistics,2026-08-31
871,Jaouen Hadjam,ALG,DF,0,0,125,https://www.fifa.com/en/tournaments/mens/worldcup/canadamexicousa2026/statistics/player-statistics,2026-08-31
872,Lee Jaesung,KOR,MF,0,0,125,https://www.fifa.com/en/tournaments/mens/worldcup/canadamexicousa2026/statistics/player-statistics,2026-08-31
873,Igor Matanovic,CRO,FW,0,0,125,https://www.fifa.com/en/tournaments/mens/worldcup/canadamexicousa2026/statistics/player-statistics,2026-08-31
874,Jacob Shaffelburg,CAN,MF,0,0,126,https://www.fifa.com/en/tournaments/mens/worldcup/canadamexicousa2026/statistics/player-statistics,2026-08-31
875,Ramiz Zerrouki,ALG,MF,0,0,126,https://www.fifa.com/en/tournaments/mens/worldcup/canadamexicousa2026/statistics/player-statistics,2026-08-31
876,Marcos Senesi,ARG,DF,0,0,126,https://www.fifa.com/en/tournaments/mens/worldcup/canadamexicousa2026/statistics/player-statistics,2026-08-31
877,Zaid Ismael,IRQ,MF,0,0,126,https://www.fifa.com/en/tournaments/mens/worldcup/canadamexicousa2026/statistics/player-statistics,2026-08-31
878,Amadou Onana,BEL,MF,0,0,127,https://www.fifa.com/en/tournaments/mens/worldcup/canadamexicousa2026/statistics/player-statistics,2026-08-31
879,Elye Wahi,CIV,FW,0,0,127,https://www.fifa.com/en/tournaments/mens/worldcup/canadamexicousa2026/statistics/player-statistics,2026-08-31
880,Warren Zaire Emery,FRA,MF,0,0,128,https://www.fifa.com/en/tournaments/mens/worldcup/canadamexicousa2026/statistics/player-statistics,2026-08-31
881,Louicius Deedson,HAI,FW,0,0,129,https://www.fifa.com/en/tournaments/mens/worldcup/canadamexicousa2026/statistics/player-statistics,2026-08-31
882,Jayden Adams,RSA,MF,0,0,130,https://www.fifa.com/en/tournaments/mens/worldcup/canadamexicousa2026/statistics/player-statistics,2026-08-31
883,Mert Muldur,TUR,DF,0,0,132,https://www.fifa.com/en/tournaments/mens/worldcup/canadamexicousa2026/statistics/player-statistics,2026-08-31
884,Bernardo Silva,POR,MF,0,0,133,https://www.fifa.com/en/tournaments/mens/worldcup/canadamexicousa2026/statistics/player-statistics,2026-08-31
885,Eren Elmali,TUR,DF,0,0,134,https://www.fifa.com/en/tournaments/mens/worldcup/canadamexicousa2026/statistics/player-statistics,2026-08-31
886,Homam Ahmed,QAT,DF,0,0,134,https://www.fifa.com/en/tournaments/mens/worldcup/canadamexicousa2026/statistics/player-statistics,2026-08-31
887,Lenny Joseph,HAI,FW,0,0,134,https://www.fifa.com/en/tournaments/mens/worldcup/canadamexicousa2026/statistics/player-statistics,2026-08-31
888,Ahmed Qasem,IRQ,FW,0,0,135,https://www.fifa.com/en/tournaments/mens/worldcup/canadamexicousa2026/statistics/player-statistics,2026-08-31
889,Kamaldeen Sulemana,GHA,FW,0,0,136,https://www.fifa.com/en/tournaments/mens/worldcup/canadamexicousa2026/statistics/player-statistics,2026-08-31
890,Angelo Preciado,ECU,DF,0,0,137,https://www.fifa.com/en/tournaments/mens/worldcup/canadamexicousa2026/statistics/player-statistics,2026-08-31
891,Lukas Provod,CZE,MF,0,0,137,https://www.fifa.com/en/tournaments/mens/worldcup/canadamexicousa2026/statistics/player-statistics,2026-08-31
892,Inaki Williams,GHA,FW,0,0,140,https://www.fifa.com/en/tournaments/mens/worldcup/canadamexicousa2026/statistics/player-statistics,2026-08-31
893,Assim Madibo,QAT,MF,0,0,140,https://www.fifa.com/en/tournaments/mens/worldcup/canadamexicousa2026/statistics/player-statistics,2026-08-31
894,Azizjon Ganiev,UZB,MF,0,0,140,https://www.fifa.com/en/tournaments/mens/worldcup/canadamexicousa2026/statistics/player-statistics,2026-08-31
895,Ismael Gharbi,TUN,MF,0,0,142,https://www.fifa.com/en/tournaments/mens/worldcup/canadamexicousa2026/statistics/player-statistics,2026-08-31
896,Jaroslav Zeleny,CZE,DF,0,0,142,https://www.fifa.com/en/tournaments/mens/worldcup/canadamexicousa2026/statistics/player-statistics,2026-08-31
897,Hicham Boudaoui,ALG,MF,0,0,143,https://www.fifa.com/en/tournaments/mens/worldcup/canadamexicousa2026/statistics/player-statistics,2026-08-31
898,Malo Gusto,FRA,DF,0,0,143,https://www.fifa.com/en/tournaments/mens/worldcup/canadamexicousa2026/statistics/player-statistics,2026-08-31
899,Raphinha,BRA,FW,0,0,143,https://www.fifa.com/en/tournaments/mens/worldcup/canadamexicousa2026/statistics/player-statistics,2026-08-31
900,Kerem Akturkoglu,TUR,FW,0,0,143,https://www.fifa.com/en/tournaments/mens/worldcup/canadamexicousa2026/statistics/player-statistics,2026-08-31
901,Kenny Mclean,SCO,MF,0,0,144,https://www.fifa.com/en/tournaments/mens/worldcup/canadamexicousa2026/statistics/player-statistics,2026-08-31
902,Ali Jasim,IRQ,FW,0,0,144,https://www.fifa.com/en/tournaments/mens/worldcup/canadamexicousa2026/statistics/player-statistics,2026-08-31
903,Teun Koopmeiners,NED,MF,0,0,145,https://www.fifa.com/en/tournaments/mens/worldcup/canadamexicousa2026/statistics/player-statistics,2026-08-31
904,Endrick,BRA,FW,0,0,146,https://www.fifa.com/en/tournaments/mens/worldcup/canadamexicousa2026/statistics/player-statistics,2026-08-31
905,Jesper Karlstrom,SWE,MF,0,0,147,https://www.fifa.com/en/tournaments/mens/worldcup/canadamexicousa2026/statistics/player-statistics,2026-08-31
906,Niko Sigur,CAN,DF,0,0,147,https://www.fifa.com/en/tournaments/mens/worldcup/canadamexicousa2026/statistics/player-statistics,2026-08-31
907,Jovane Cabral,CPV,MF,0,0,148,https://www.fifa.com/en/tournaments/mens/worldcup/canadamexicousa2026/statistics/player-statistics,2026-08-31
908,Ahmed Basil,IRQ,GK,0,0,149,https://www.fifa.com/en/tournaments/mens/worldcup/canadamexicousa2026/statistics/player-statistics,2026-08-31
909,Benjamin Nygren,SWE,MF,0,0,149,https://www.fifa.com/en/tournaments/mens/worldcup/canadamexicousa2026/statistics/player-statistics,2026-08-31
910,Cameron Burgess,AUS,DF,0,0,152,https://www.fifa.com/en/tournaments/mens/worldcup/canadamexicousa2026/statistics/player-statistics,2026-08-31
911,Tomas Soucek,CZE,MF,0,0,152,https://www.fifa.com/en/tournaments/mens/worldcup/canadamexicousa2026/statistics/player-statistics,2026-08-31
912,Mahmoud Almardi,JOR,FW,0,0,152,https://www.fifa.com/en/tournaments/mens/worldcup/canadamexicousa2026/statistics/player-statistics,2026-08-31
913,Ismail Yuksek,TUR,MF,0,0,153,https://www.fifa.com/en/tournaments/mens/worldcup/canadamexicousa2026/statistics/player-statistics,2026-08-31
914,Mohammed Abu Alshamat,KSA,DF,0,0,153,https://www.fifa.com/en/tournaments/mens/worldcup/canadamexicousa2026/statistics/player-statistics,2026-08-31
915,Hossein Kanani,IRN,DF,0,0,154,https://www.fifa.com/en/tournaments/mens/worldcup/canadamexicousa2026/statistics/player-statistics,2026-08-31
916,Jalal Hassan,IRQ,GK,0,0,154,https://www.fifa.com/en/tournaments/mens/worldcup/canadamexicousa2026/statistics/player-statistics,2026-08-31
917,Lawrence Ati Zigi,GHA,GK,0,0,155,https://www.fifa.com/en/tournaments/mens/worldcup/canadamexicousa2026/statistics/player-statistics,2026-08-31
918,Khojiakbar Alijonov,UZB,DF,0,0,155,https://www.fifa.com/en/tournaments/mens/worldcup/canadamexicousa2026/statistics/player-statistics,2026-08-31
919,Willy Semedo,CPV,MF,0,0,156,https://www.fifa.com/en/tournaments/mens/worldcup/canadamexicousa2026/statistics/player-statistics,2026-08-31
920,Mario Pasalic,CRO,MF,0,0,158,https://www.fifa.com/en/tournaments/mens/worldcup/canadamexicousa2026/statistics/player-statistics,2026-08-31
921,Che Adams,SCO,FW,0,0,160,https://www.fifa.com/en/tournaments/mens/worldcup/canadamexicousa2026/statistics/player-statistics,2026-08-31
922,Phillip Mwene,AUT,DF,0,0,160,https://www.fifa.com/en/tournaments/mens/worldcup/canadamexicousa2026/statistics/player-statistics,2026-08-31
923,Ismael Kone,CAN,MF,0,0,160,https://www.fifa.com/en/tournaments/mens/worldcup/canadamexicousa2026/statistics/player-statistics,2026-08-31
924,Rani Khedira,TUN,MF,0,0,162,https://www.fifa.com/en/tournaments/mens/worldcup/canadamexicousa2026/statistics/player-statistics,2026-08-31
925,Abdul Fatawu,GHA,FW,0,0,163,https://www.fifa.com/en/tournaments/mens/worldcup/canadamexicousa2026/statistics/player-statistics,2026-08-31
926,Ahmed Fathy,QAT,MF,0,0,163,https://www.fifa.com/en/tournaments/mens/worldcup/canadamexicousa2026/statistics/player-statistics,2026-08-31
927,Nathanael Mbuku,COD,MF,0,0,163,https://www.fifa.com/en/tournaments/mens/worldcup/canadamexicousa2026/statistics/player-statistics,2026-08-31
928,Francisco Conceicao,POR,FW,0,0,163,https://www.fifa.com/en/tournaments/mens/worldcup/canadamexicousa2026/statistics/player-statistics,2026-08-31
929,Odeh Fakhoury,JOR,FW,0,0,163,https://www.fifa.com/en/tournaments/mens/worldcup/canadamexicousa2026/statistics/player-statistics,2026-08-31
930,Nelson Semedo,POR,DF,0,0,164,https://www.fifa.com/en/tournaments/mens/worldcup/canadamexicousa2026/statistics/player-statistics,2026-08-31
931,Zaid Tahseen,IRQ,DF,0,0,165,https://www.fifa.com/en/tournaments/mens/worldcup/canadamexicousa2026/statistics/player-statistics,2026-08-31
932,Elisha Owusu,GHA,MF,0,0,166,https://www.fifa.com/en/tournaments/mens/worldcup/canadamexicousa2026/statistics/player-statistics,2026-08-31
933,Jassem Gaber,QAT,DF,0,0,166,https://www.fifa.com/en/tournaments/mens/worldcup/canadamexicousa2026/statistics/player-statistics,2026-08-31
934,Sultan Albrake,QAT,DF,0,0,167,https://www.fifa.com/en/tournaments/mens/worldcup/canadamexicousa2026/statistics/player-statistics,2026-08-31
935,Musab Aljuwayr,KSA,MF,0,0,167,https://www.fifa.com/en/tournaments/mens/worldcup/canadamexicousa2026/statistics/player-statistics,2026-08-31
936,Frantzdy Pierrot,HAI,FW,0,0,168,https://www.fifa.com/en/tournaments/mens/worldcup/canadamexicousa2026/statistics/player-statistics,2026-08-31
937,Rayan Cherki,FRA,MF,0,0,169,https://www.fifa.com/en/tournaments/mens/worldcup/canadamexicousa2026/statistics/player-statistics,2026-08-31
938,Tomas Holes,CZE,DF,0,0,169,https://www.fifa.com/en/tournaments/mens/worldcup/canadamexicousa2026/statistics/player-statistics,2026-08-31
939,Gabriel Avalos,PAR,FW,0,0,170,https://www.fifa.com/en/tournaments/mens/worldcup/canadamexicousa2026/statistics/player-statistics,2026-08-31
940,Ayoub Aloui,QAT,DF,0,0,170,https://www.fifa.com/en/tournaments/mens/worldcup/canadamexicousa2026/statistics/player-statistics,2026-08-31
941,Carlens Arcus,HAI,DF,0,0,171,https://www.fifa.com/en/tournaments/mens/worldcup/canadamexicousa2026/statistics/player-statistics,2026-08-31
942,Adam Hlozek,CZE,FW,0,0,172,https://www.fifa.com/en/tournaments/mens/worldcup/canadamexicousa2026/statistics/player-statistics,2026-08-31
943,Lukas Cerv,CZE,MF,0,0,172,https://www.fifa.com/en/tournaments/mens/worldcup/canadamexicousa2026/statistics/player-statistics,2026-08-31
944,Edouard Mendy,SEN,GK,0,0,172,https://www.fifa.com/en/tournaments/mens/worldcup/canadamexicousa2026/statistics/player-statistics,2026-08-31
945,Zeki Celik,TUR,DF,0,0,173,https://www.fifa.com/en/tournaments/mens/worldcup/canadamexicousa2026/statistics/player-statistics,2026-08-31
946,Callum Mccowatt,NZL,MF,0,0,173,https://www.fifa.com/en/tournaments/mens/worldcup/canadamexicousa2026/statistics/player-statistics,2026-08-31
947,Hussein Ali,IRQ,DF,0,0,174,https://www.fifa.com/en/tournaments/mens/worldcup/canadamexicousa2026/statistics/player-statistics,2026-08-31
948,Sofyan Amrabat,MAR,MF,0,0,175,https://www.fifa.com/en/tournaments/mens/worldcup/canadamexicousa2026/statistics/player-statistics,2026-08-31
949,Richard Rios,COL,MF,0,0,175,https://www.fifa.com/en/tournaments/mens/worldcup/canadamexicousa2026/statistics/player-statistics,2026-08-31
950,Jose Fajardo,PAN,FW,0,0,176,https://www.fifa.com/en/tournaments/mens/worldcup/canadamexicousa2026/statistics/player-statistics,2026-08-31
951,Liam Millar,CAN,MF,0,0,176,https://www.fifa.com/en/tournaments/mens/worldcup/canadamexicousa2026/statistics/player-statistics,2026-08-31
952,Michel Aebischer,SUI,MF,0,0,176,https://www.fifa.com/en/tournaments/mens/worldcup/canadamexicousa2026/statistics/player-statistics,2026-08-31
953,Edo Kayembe,COD,MF,0,0,177,https://www.fifa.com/en/tournaments/mens/worldcup/canadamexicousa2026/statistics/player-statistics,2026-08-31
954,Josko Gvardiol,CRO,DF,0,0,177,https://www.fifa.com/en/tournaments/mens/worldcup/canadamexicousa2026/statistics/player-statistics,2026-08-31
955,Ali Lajami,KSA,DF,0,0,177,https://www.fifa.com/en/tournaments/mens/worldcup/canadamexicousa2026/statistics/player-statistics,2026-08-31
956,Ferdi Kadioglu,TUR,DF,0,0,179,https://www.fifa.com/en/tournaments/mens/worldcup/canadamexicousa2026/statistics/player-statistics,2026-08-31
957,Cristian Volpato,AUS,FW,0,0,180,https://www.fifa.com/en/tournaments/mens/worldcup/canadamexicousa2026/statistics/player-statistics,2026-08-31
958,Jurien Gaari,CUW,DF,0,0,180,https://www.fifa.com/en/tournaments/mens/worldcup/canadamexicousa2026/statistics/player-statistics,2026-08-31
959,Nuno Da Costa,CPV,MF,0,0,180,https://www.fifa.com/en/tournaments/mens/worldcup/canadamexicousa2026/statistics/player-statistics,2026-08-31
960,Kalidou Koulibaly,SEN,DF,0,0,181,https://www.fifa.com/en/tournaments/mens/worldcup/canadamexicousa2026/statistics/player-statistics,2026-08-31
961,Yukinari Sugawara,JPN,DF,0,0,181,https://www.fifa.com/en/tournaments/mens/worldcup/canadamexicousa2026/statistics/player-statistics,2026-08-31
962,Iqraam Rayners,RSA,FW,0,0,182,https://www.fifa.com/en/tournaments/mens/worldcup/canadamexicousa2026/statistics/player-statistics,2026-08-31
963,Darwin Nunez,URU,FW,0,0,182,https://www.fifa.com/en/tournaments/mens/worldcup/canadamexicousa2026/statistics/player-statistics,2026-08-31
964,Mohamed Toure,AUS,FW,0,0,182,https://www.fifa.com/en/tournaments/mens/worldcup/canadamexicousa2026/statistics/player-statistics,2026-08-31
965,Jacob Italiano,AUS,DF,0,0,183,https://www.fifa.com/en/tournaments/mens/worldcup/canadamexicousa2026/statistics/player-statistics,2026-08-31
966,Elliot Stroud,SWE,DF,0,0,183,https://www.fifa.com/en/tournaments/mens/worldcup/canadamexicousa2026/statistics/player-statistics,2026-08-31
967,Lawrence Shankland,SCO,FW,0,0,183,https://www.fifa.com/en/tournaments/mens/worldcup/canadamexicousa2026/statistics/player-statistics,2026-08-31
968,Son Heungmin,KOR,FW,0,0,183,https://www.fifa.com/en/tournaments/mens/worldcup/canadamexicousa2026/statistics/player-statistics,2026-08-31
969,Relebohile Mofokeng,RSA,FW,0,0,184,https://www.fifa.com/en/tournaments/mens/worldcup/canadamexicousa2026/statistics/player-statistics,2026-08-31
970,Jiovany Ramos,PAN,DF,0,0,186,https://www.fifa.com/en/tournaments/mens/worldcup/canadamexicousa2026/statistics/player-statistics,2026-08-31
971,Cesar Blackman,PAN,DF,0,0,187,https://www.fifa.com/en/tournaments/mens/worldcup/canadamexicousa2026/statistics/player-statistics,2026-08-31
972,Laros Duarte,CPV,MF,0,0,187,https://www.fifa.com/en/tournaments/mens/worldcup/canadamexicousa2026/statistics/player-statistics,2026-08-31
973,Nathan Ake,NED,DF,0,0,189,https://www.fifa.com/en/tournaments/mens/worldcup/canadamexicousa2026/statistics/player-statistics,2026-08-31
974,Husam Abudahab,JOR,DF,0,0,190,https://www.fifa.com/en/tournaments/mens/worldcup/canadamexicousa2026/statistics/player-statistics,2026-08-31
975,Joshua Brenet,CUW,DF,0,0,193,https://www.fifa.com/en/tournaments/mens/worldcup/canadamexicousa2026/statistics/player-statistics,2026-08-31
976,Dodi Lukebakio,BEL,FW,0,0,194,https://www.fifa.com/en/tournaments/mens/worldcup/canadamexicousa2026/statistics/player-statistics,2026-08-31
977,Edin Dzeko,BIH,FW,0,0,196,https://www.fifa.com/en/tournaments/mens/worldcup/canadamexicousa2026/statistics/player-statistics,2026-08-31
978,Donyell Malen,NED,FW,0,0,197,https://www.fifa.com/en/tournaments/mens/worldcup/canadamexicousa2026/statistics/player-statistics,2026-08-31
979,Manuel Ugarte,URU,MF,0,0,197,https://www.fifa.com/en/tournaments/mens/worldcup/canadamexicousa2026/statistics/player-statistics,2026-08-31
980,Aymen Dahmen,TUN,GK,0,0,198,https://www.fifa.com/en/tournaments/mens/worldcup/canadamexicousa2026/statistics/player-statistics,2026-08-31
981,Jose Canale,PAR,DF,0,0,198,https://www.fifa.com/en/tournaments/mens/worldcup/canadamexicousa2026/statistics/player-statistics,2026-08-31
982,Dailon Livramento,CPV,FW,0,0,198,https://www.fifa.com/en/tournaments/mens/worldcup/canadamexicousa2026/statistics/player-statistics,2026-08-31
983,Patrik Schick,CZE,FW,0,0,199,https://www.fifa.com/en/tournaments/mens/worldcup/canadamexicousa2026/statistics/player-statistics,2026-08-31
984,Jacob Widell Zetterstrom,SWE,GK,0,0,200,https://www.fifa.com/en/tournaments/mens/worldcup/canadamexicousa2026/statistics/player-statistics,2026-08-31
985,Kristoffer Nordfeldt,SWE,GK,0,0,200,https://www.fifa.com/en/tournaments/mens/worldcup/canadamexicousa2026/statistics/player-statistics,2026-08-31
986,Ali Alhamadi,IRQ,FW,0,0,201,https://www.fifa.com/en/tournaments/mens/worldcup/canadamexicousa2026/statistics/player-statistics,2026-08-31
987,Steve Kapuadi,COD,DF,0,0,201,https://www.fifa.com/en/tournaments/mens/worldcup/canadamexicousa2026/statistics/player-statistics,2026-08-31
988,El Hadji Malick Diouf,SEN,DF,0,0,202,https://www.fifa.com/en/tournaments/mens/worldcup/canadamexicousa2026/statistics/player-statistics,2026-08-31
989,Behruzjon Karimov,UZB,DF,0,0,203,https://www.fifa.com/en/tournaments/mens/worldcup/canadamexicousa2026/statistics/player-statistics,2026-08-31
990,Abdullah Alkhaibari,KSA,MF,0,0,203,https://www.fifa.com/en/tournaments/mens/worldcup/canadamexicousa2026/statistics/player-statistics,2026-08-31
991,Grant Hanley,SCO,DF,0,0,203,https://www.fifa.com/en/tournaments/mens/worldcup/canadamexicousa2026/statistics/player-statistics,2026-08-31
992,Nathan Patterson,SCO,DF,0,0,204,https://www.fifa.com/en/tournaments/mens/worldcup/canadamexicousa2026/statistics/player-statistics,2026-08-31
993,Ben Gannon Doak,SCO,FW,0,0,204,https://www.fifa.com/en/tournaments/mens/worldcup/canadamexicousa2026/statistics/player-statistics,2026-08-31
994,Sherzod Nasrullaev,UZB,DF,0,0,206,https://www.fifa.com/en/tournaments/mens/worldcup/canadamexicousa2026/statistics/player-statistics,2026-08-31
995,Abduvohid Nematov,UZB,GK,0,0,206,https://www.fifa.com/en/tournaments/mens/worldcup/canadamexicousa2026/statistics/player-statistics,2026-08-31
996,Abdulla Abdullaev,UZB,DF,0,0,206,https://www.fifa.com/en/tournaments/mens/worldcup/canadamexicousa2026/statistics/player-statistics,2026-08-31
997,Philipp Lienhart,AUT,DF,0,0,207,https://www.fifa.com/en/tournaments/mens/worldcup/canadamexicousa2026/statistics/player-statistics,2026-08-31
998,Takehiro Tomiyasu,JPN,DF,0,0,208,https://www.fifa.com/en/tournaments/mens/worldcup/canadamexicousa2026/statistics/player-statistics,2026-08-31
999,Redouane Halhal,MAR,DF,0,0,208,https://www.fifa.com/en/tournaments/mens/worldcup/canadamexicousa2026/statistics/player-statistics,2026-08-31
1000,Josue Casimir,HAI,FW,0,0,208,https://www.fifa.com/en/tournaments/mens/worldcup/canadamexicousa2026/statistics/player-statistics,2026-08-31
1001,Hakan Calhanoglu,TUR,MF,0,0,208,https://www.fifa.com/en/tournaments/mens/worldcup/canadamexicousa2026/statistics/player-statistics,2026-08-31
1001,Merih Demiral,TUR,DF,0,0,208,https://www.fifa.com/en/tournaments/mens/worldcup/canadamexicousa2026/statistics/player-statistics,2026-08-31
1003,Jarell Quansah,ENG,DF,0,0,208,https://www.fifa.com/en/tournaments/mens/worldcup/canadamexicousa2026/statistics/player-statistics,2026-08-31
1004,Pavel Sulc,CZE,FW,0,0,209,https://www.fifa.com/en/tournaments/mens/worldcup/canadamexicousa2026/statistics/player-statistics,2026-08-31
1005,Zidane Iqbal,IRQ,MF,0,0,210,https://www.fifa.com/en/tournaments/mens/worldcup/canadamexicousa2026/statistics/player-statistics,2026-08-31
1006,Cedric Bakambu,COD,FW,0,0,210,https://www.fifa.com/en/tournaments/mens/worldcup/canadamexicousa2026/statistics/player-statistics,2026-08-31
1007,Silvan Widmer,SUI,DF,0,0,210,https://www.fifa.com/en/tournaments/mens/worldcup/canadamexicousa2026/statistics/player-statistics,2026-08-31
1008,Stjepan Radeljic,BIH,DF,0,0,211,https://www.fifa.com/en/tournaments/mens/worldcup/canadamexicousa2026/statistics/player-statistics,2026-08-31
1009,Federico Vinas,URU,FW,0,0,211,https://www.fifa.com/en/tournaments/mens/worldcup/canadamexicousa2026/statistics/player-statistics,2026-08-31
1010,Moteb Alharbi,KSA,DF,0,0,213,https://www.fifa.com/en/tournaments/mens/worldcup/canadamexicousa2026/statistics/player-statistics,2026-08-31
1011,Paik Seungho,KOR,MF,0,0,216,https://www.fifa.com/en/tournaments/mens/worldcup/canadamexicousa2026/statistics/player-statistics,2026-08-31
1012,Damian Bobadilla,PAR,MF,0,0,216,https://www.fifa.com/en/tournaments/mens/worldcup/canadamexicousa2026/statistics/player-statistics,2026-08-31
1013,Giuliano Simeone,ARG,FW,0,0,217,https://www.fifa.com/en/tournaments/mens/worldcup/canadamexicousa2026/statistics/player-statistics,2026-08-31
1014,Joao Felix,POR,FW,0,0,218,https://www.fifa.com/en/tournaments/mens/worldcup/canadamexicousa2026/statistics/player-statistics,2026-08-31
1015,Ngalayel Mukau,COD,MF,0,0,220,https://www.fifa.com/en/tournaments/mens/worldcup/canadamexicousa2026/statistics/player-statistics,2026-08-31
1016,Moise Bombito,CAN,DF,0,0,221,https://www.fifa.com/en/tournaments/mens/worldcup/canadamexicousa2026/statistics/player-statistics,2026-08-31
1017,Ivan Sunjic,BIH,MF,0,0,221,https://www.fifa.com/en/tournaments/mens/worldcup/canadamexicousa2026/statistics/player-statistics,2026-08-31
1018,Mohamed Amine Ben Hmida,TUN,DF,0,0,221,https://www.fifa.com/en/tournaments/mens/worldcup/canadamexicousa2026/statistics/player-statistics,2026-08-31
1019,Ao Tanaka,JPN,MF,0,0,225,https://www.fifa.com/en/tournaments/mens/worldcup/canadamexicousa2026/statistics/player-statistics,2026-08-31
1020,Brian Gutierrez,MEX,MF,0,0,226,https://www.fifa.com/en/tournaments/mens/worldcup/canadamexicousa2026/statistics/player-statistics,2026-08-31
1021,Sarpreet Singh,NZL,MF,0,0,227,https://www.fifa.com/en/tournaments/mens/worldcup/canadamexicousa2026/statistics/player-statistics,2026-08-31
